signal,regime,signal_sort_group,signal_sort_group_label,signal_sort_group_count,draw_count,group_obs_count,group_month_count,group_missing_obs_count,group_missing_obs_rate,mean_signal_sort_value,median_signal_sort_value,mean_actual_return,mean_predicted_return,mean_prediction_error,oos_r2,portfolio_month_count,mean_long_short_spread,median_long_short_spread,spread_t_stat,positive_spread_rate,benchmark_type,delta_oos_r2_vs_complete_case,delta_mean_long_short_spread_vs_complete_case
AnalystRevision,complete_case,1,Q1,4,1,210608,342,0,0.0,0.5835116829815316,0.91525424,0.008545403726354175,0.009880843786223479,-0.0013354400598693061,-0.001914032728069781,342,-0.0012584421811087986,-0.0012787086269057477,-0.48050491016227787,0.49707602339181284,augmented_signal_history,0.0,0.0
AnalystRevision,complete_case,2,Q2,4,1,537442,342,0,0.0,0.9989306402327507,1.0,0.009344546877616561,0.010270708463576026,-0.000926161585959467,-0.0016379497506884277,342,-0.001671800153906123,-0.0025055602739726085,-0.7376401665884342,0.4619883040935672,augmented_signal_history,0.0,0.0
AnalystRevision,complete_case,3,Q3,4,1,93818,342,0,0.0,1.0078070790232152,1.0072464,0.009838220330853355,0.009908289688917946,-7.006935806459173e-05,-0.001870332588091328,342,-0.0015485091022882085,-0.0014098319303694172,-0.6516252476052923,0.4649122807017544,augmented_signal_history,0.0,0.0
AnalystRevision,complete_case,4,Q4,4,1,210462,342,0,0.0,1.4399611085369333,1.0948905,0.006245395135463883,0.00987508085777393,-0.003629685722310044,-0.0018555667331183745,342,0.000744217674771023,0.0015890966810966772,0.25697397605848915,0.5116959064327485,augmented_signal_history,0.0,0.0
AnalystRevision,conditional_mean,1,Q1,4,1,284009,354,54260,0.19105028361777268,0.6643073054458882,0.94193548,0.012997063262079722,0.012407730387842984,0.0005893328742367387,-0.0005733486000982779,354,0.005368052644675674,0.0005758067692307658,1.5962102635653612,0.5056497175141242,augmented_signal_history,0.0013406841279715032,0.006626494825784472
AnalystRevision,conditional_mean,2,Q2,4,1,576906,354,31773,0.05507483021497436,0.9988278172298692,1.0,0.010736400798396965,0.01103250087174233,-0.0002961000733453644,-0.0014460673537721735,354,-0.001257751779187491,-0.001497061688598901,-0.48121683089398604,0.4717514124293785,augmented_signal_history,0.0001918823969162542,0.00041404837471863197
AnalystRevision,conditional_mean,3,Q3,4,1,275813,354,128344,0.46532977053293356,1.016187704081402,1.0145985,0.011839066117260608,0.011733621269622052,0.00010544484763855489,-0.0013147439901681768,354,0.0012486886012980677,-0.0010861461740654197,0.4239669774419469,0.4887005649717514,augmented_signal_history,0.0005555885979231512,0.0027971977035862764
AnalystRevision,conditional_mean,4,Q4,4,1,283313,354,117875,0.4160592701358568,1.3712815256667144,1.0864917550000102,0.008980840688567063,0.011327854744493028,-0.002347014055925966,-0.0021036917594843274,354,0.006605941860491078,0.007992395613591859,2.0682578385959416,0.5932203389830508,augmented_signal_history,-0.0002481250263659529,0.005861724185720055
AnalystRevision,conditional_quantile_draw,1,Q1,4,25,284009,354,94656,0.33328521279255235,0.6195377373310517,0.9043898644000001,0.012181545229200483,0.012496032063297892,-0.0003144868340974101,-0.0012430676772514637,354,0.0058771072990711475,0.004319671007208854,1.8123669463372774,0.5536723163841808,augmented_signal_history,0.0006709650508183174,0.007135549480179946
AnalystRevision,conditional_quantile_draw,2,Q2,4,25,647895,354,62366,0.09625942475246761,0.9971040014406664,1.0,0.011001995957678326,0.011032319020162686,-3.0323062484358424e-05,-0.0014644335075859605,354,-0.00016677881961379228,-0.0018271769151138664,-0.06382206065254238,0.4717514124293785,augmented_signal_history,0.00017351624310246727,0.0015050213342923308
AnalystRevision,conditional_quantile_draw,3,Q3,4,25,204579,354,78615,0.38427697857551363,1.0114010439700916,1.0102564,0.011353454435694769,0.011027294784324425,0.0003261596513703446,-0.001831098711395418,354,0.0009430991511427951,-0.0009394256923827373,0.3517936294442828,0.4858757062146893,augmented_signal_history,3.923387669590994e-05,0.002491608253431004
AnalystRevision,conditional_quantile_draw,4,Q4,4,25,283558,354,96615,0.3407239436023671,1.4022005145085394,1.0961539,0.009819681458467051,0.011925843598295642,-0.002106162139828593,-0.0009594624709601263,354,0.00788722166058381,0.007634423474945533,2.3792593767874424,0.5932203389830508,augmented_signal_history,0.0008961042621582482,0.007143003985812787
AnalystRevision,residual_bootstrap,1,Q1,4,25,284009,354,93461,0.3290775996535321,0.6171344124695433,0.902439,0.012551290719660293,0.012783279665086304,-0.00023198894542601184,-0.0009582948322084395,354,0.004514572149008441,0.0035933642860817056,1.3823099009208364,0.53954802259887,augmented_signal_history,0.0009557378958613416,0.005773014330117239
AnalystRevision,residual_bootstrap,2,Q2,4,25,618512,354,34178,0.05525842667563442,0.9974773718682769,1.0,0.010851121583736452,0.010906660955666768,-5.5539371930317366e-05,-0.0013797937949000527,354,-0.0005443617961018158,-0.0023819754565642757,-0.20663679107441252,0.4717514124293785,augmented_signal_history,0.000258155955788375,0.0011274383578043072
AnalystRevision,residual_bootstrap,3,Q3,4,25,233512,354,75790,0.32456576107437735,1.0177253064349112,1.0150375,0.01123556880588578,0.010846369421319958,0.0003891993845658213,-0.0014560041145070812,354,0.0013438676434823122,-0.0004518900132531936,0.47021205777591213,0.4915254237288136,augmented_signal_history,0.00041432847358424674,0.0028923767457705207
AnalystRevision,residual_bootstrap,4,Q4,4,25,284008,354,128823,0.45358933551167574,1.420690155611982,1.1245469015592116,0.009841503260471536,0.012060229205856626,-0.00221872594538509,-0.0015876014430684648,354,0.008920681984567268,0.008351006581227047,2.713599304086012,0.5875706214689266,augmented_signal_history,0.00026796529004990965,0.008176464309796246
AnalystRevision,unconditional_mean,1,Q1,5,1,295458,354,33973,0.1149841940309621,0.6820485516133163,0.953125,0.012628467311766816,0.010873440989292769,0.0017550263224740455,-0.001320027586131589,354,-0.0011865369638465943,-0.0008184089963280267,-0.48102450930183743,0.4915254237288136,augmented_signal_history,0.000594005141938192,7.190521726220425e-05
AnalystRevision,unconditional_mean,2,Q2,5,1,282498,354,247855,0.8773690433206607,0.9957231619562757,0.9956357042207898,0.013831483681300397,0.015837943634294558,-0.002006459952994156,-0.0006165396405204415,354,0.00402207171109691,0.0032357471659919083,1.1434718087107258,0.5423728813559322,augmented_signal_history,0.0010214101101679862,0.005693871865003033
AnalystRevision,unconditional_mean,3,Q3,5,1,515278,354,36524,0.07088212576512097,0.9998540492685118,1.0,0.010667255735738766,0.010738568113087111,-7.131237734834441e-05,-0.0019449131833413347,354,-0.00037867965630835693,0.00019850322288961567,-0.13992193571361733,0.5028248587570622,augmented_signal_history,-7.458059525000671e-05,0.0011698294459798516
AnalystRevision,unconditional_mean,4,Q4,5,1,42806,354,13900,0.32472083352801007,1.0022847582948256,1.0024875,0.0050992114423211695,0.008818451444497855,-0.0037192400021766833,-0.0007039104867605506,354,-0.0036694253694420417,-0.004112020889037435,-1.2531573155361972,0.4689265536723164,augmented_signal_history,0.001151656246357824,-0.004413643044213065
AnalystRevision,unconditional_mean,5,Q5,5,1,284001,354,0,0.0,1.344749279537044,1.0545454,0.008244714004528154,0.009635709954529666,-0.001390995950001514,-0.0013096564648429343,354,0.0012536387452280087,0.0006646243691826982,0.4609458945757207,0.5141242937853108,augmented_signal_history,,
AnalystRevision,complete_case,1,Q1,4,1,225043,366,0,0.0,0.5629176977808561,0.91071427,0.011725417324689059,0.009550631673626535,0.002174785651062523,-0.0026725589918925596,366,-0.0011705332006808347,-0.0011259073460721993,-0.4694949711813046,0.48633879781420764,fixed_x_obs,0.0,0.0
AnalystRevision,complete_case,2,Q2,4,1,573802,366,0,0.0,0.998842769704689,1.0,0.010699182505463558,0.010252251338437948,0.00044693116702560853,-0.0018943943628120241,366,-0.0014926411673443,-0.0035844227644642535,-0.6515567040074822,0.46994535519125685,fixed_x_obs,0.0,0.0
AnalystRevision,complete_case,3,Q3,4,1,99742,366,0,0.0,1.007915932746486,1.0073415,0.010803651581079184,0.009593443617899268,0.0012102079631799152,-0.002721576237384671,366,-0.0011980581910840061,-0.002314516445760837,-0.4980360561771002,0.47540983606557374,fixed_x_obs,0.0,0.0
AnalystRevision,complete_case,4,Q4,4,1,224641,366,0,0.0,1.4555331873233293,1.0962963,0.008819701336799605,0.009739814053190906,-0.0009201127163913006,-0.0022416691000679556,366,0.001010298672696935,0.0027171784707540544,0.34314515456947314,0.5218579234972678,fixed_x_obs,0.0,0.0
AnalystRevision,conditional_mean,1,Q1,4,1,292620,366,94343,0.32240790103205524,0.6508377555051279,0.93478262,0.01581941221379263,0.014274848117627676,0.0015445640961649558,-0.00043986830222531026,366,0.008896589996826503,0.006978230748663104,2.503246803190151,0.5710382513661202,fixed_x_obs,0.0022326906896672494,0.010067123197507338
AnalystRevision,conditional_mean,2,Q2,4,1,742218,366,141650,0.1908468940392176,0.9962728823510808,1.0,0.010966574161499723,0.011459050555279664,-0.0004924763937799422,-0.001335553666531819,366,-0.0007886639791807402,-0.0009222148748563239,-0.31619039802655724,0.48633879781420764,fixed_x_obs,0.000558840696280205,0.0007039771881635598
AnalystRevision,conditional_mean,3,Q3,4,1,135660,366,53326,0.3930856553147575,1.0061855791460836,1.0059524,0.010821805631726373,0.010030903669159914,0.0007909019625664608,-0.0009406378642848878,366,0.001193759398823028,0.0023114401515151543,0.4615229279730026,0.5218579234972678,fixed_x_obs,0.001780938373099783,0.002391817589907034
AnalystRevision,conditional_mean,4,Q4,4,1,292598,366,50549,0.17275921229810184,1.3597217210523809,1.0641025,0.00875765060253317,0.009540352144010358,-0.0007827015414771914,-0.0023433538590147407,366,0.004559864057339909,0.007049123022687559,1.4557456277937881,0.5628415300546448,fixed_x_obs,-0.00010168475894678508,0.003549565384642974
AnalystRevision,conditional_quantile_draw,1,Q1,4,25,292704,366,117013,0.3997656335410517,0.5860886315240977,0.88034189,0.013896754929895049,0.013274487854542435,0.0006222670753526124,-0.0009247523367734711,366,0.010000639141598095,0.008608409811025862,3.0990506450535404,0.5765027322404371,fixed_x_obs,0.0017478066551190885,0.01117117234227893
AnalystRevision,conditional_quantile_draw,2,Q2,4,25,690507,366,67353,0.09754137177465254,0.9959427180092878,1.0,0.011045158347417188,0.010928173329354087,0.00011698501806309997,-0.0015050648200853889,366,-0.0005385764347986528,-0.0023631095266194633,-0.20819070281448807,0.46994535519125685,fixed_x_obs,0.0003893295427266352,0.0009540647325456471
AnalystRevision,conditional_quantile_draw,3,Q3,4,25,187547,366,57772,0.3080401179437688,1.0113201511915373,1.010094914,0.010991476691176078,0.010145004410359197,0.0008464722808168822,-0.001888827264869164,366,0.00109971220056774,0.0016401908048785468,0.421373005216434,0.5163934426229508,fixed_x_obs,0.0008327489725155068,0.002297770391651746
AnalystRevision,conditional_quantile_draw,4,Q4,4,25,292338,366,97730,0.3343048115537494,1.4168111685491391,1.1065858728,0.010410582808256196,0.011973650595809562,-0.0015630677875533648,-0.0008962938008707511,366,0.008234262013841193,0.0053216343615533675,2.3652819701161407,0.5546448087431693,fixed_x_obs,0.0013453752991972046,0.007223963341144258
AnalystRevision,residual_bootstrap,1,Q1,4,25,292620,366,123192,0.4209965142505639,0.597885745871179,0.8886350830963492,0.014020274844508237,0.013793514827637023,0.00022676001687121268,-0.0008228372872580714,366,0.007152434530340324,0.006112057936507931,2.119285269169068,0.5601092896174863,fixed_x_obs,0.0018497217046344883,0.008322967731021159
AnalystRevision,residual_bootstrap,2,Q2,4,25,702752,366,73335,0.10435402531760848,0.9952960112759605,1.0,0.011143019439290105,0.011080410132804032,6.260930648607282e-05,-0.0012585888644889298,366,-0.00021552997217995416,-0.002051784752091423,-0.08220102401797529,0.4781420765027322,fixed_x_obs,0.0006358054983230943,0.0012771111951643457
AnalystRevision,residual_bootstrap,3,Q3,4,25,175106,366,46377,0.2648510045343963,1.0112191470062977,1.01,0.011390270858794103,0.010079521829488057,0.0013107490293060432,-0.0012955479143768045,366,0.0019353343701447078,0.00212659523809524,0.7331484220857956,0.5218579234972678,fixed_x_obs,0.0014260283230078663,0.003133392561228714
AnalystRevision,residual_bootstrap,4,Q4,4,25,292618,366,96964,0.3313671749516434,1.4095619740117076,1.1041666,0.00981253906116507,0.011094560781583758,-0.001282021720418689,-0.0016715600955592436,366,0.009430764392850902,0.009056171516754846,2.959719454496976,0.592896174863388,fixed_x_obs,0.000570109004508712,0.008420465720153968
AnalystRevision,unconditional_mean,1,Q1,5,1,303482,366,33973,0.11194403621961105,0.6735065495988503,0.95238096,0.013184283295220145,0.010539364638211422,0.0026449186570087235,-0.0015007788380538845,366,-0.0011701881845675801,-0.0014903078546589577,-0.467744241060338,0.4781420765027322,fixed_x_obs,0.0011717801538386752,3.450161132545135e-07
AnalystRevision,unconditional_mean,2,Q2,5,1,290915,366,255471,0.87816372479934,0.9956995578160347,0.9956357042207898,0.014095527838028287,0.015808501815328745,-0.0017129739773004554,-0.00022312983644301454,366,0.004983496681605523,0.005325163427230049,1.4330482942579987,0.5519125683060109,fixed_x_obs,0.0016712645263690096,0.0064761378489498235
AnalystRevision,unconditional_mean,3,Q3,5,1,530416,366,36524,0.06885915960302856,0.9998576727555546,1.0,0.010868200800880816,0.010964880538778223,-9.667973789740563e-05,-0.0017667554443325795,366,-0.00024701238562626726,-0.0012198438780081974,-0.09059227201489349,0.47540983606557374,fixed_x_obs,0.0009548207930520913,0.0009510458054577389
AnalystRevision,unconditional_mean,4,Q4,5,1,45759,366,13900,0.3037653794881881,1.00243772844617,1.0026667,0.0053210349876527015,0.00926539726754836,-0.003944362279895657,-0.0008355894082003879,366,-0.0035371289488650656,-0.004144309065934063,-1.2572497934541926,0.4562841530054645,fixed_x_obs,0.0014060796918675678,-0.004547427621562
AnalystRevision,unconditional_mean,5,Q5,5,1,292524,366,0,0.0,1.3521550212707334,1.0559006,0.0091933529077956,0.009562072367928318,-0.0003687194601327166,-0.0015322510881909945,366,0.0013853269917091405,0.0012797626876876892,0.5128083973295791,0.5136612021857924,fixed_x_obs,,
FEPS,complete_case,1,Q1,5,1,229280,366,0,0.0,-1.0452020543960696,-0.55000001,0.009186107632588975,0.009995623779722252,-0.0008095161471332771,-0.0021352668966680977,366,0.005124697487319265,0.002058037932108377,1.450061463745903,0.5191256830601093,augmented_signal_history,0.0,0.0
FEPS,complete_case,2,Q2,5,1,229435,366,0,0.0,0.3746623657995467,0.37,0.012052763545230676,0.010157470248045504,0.0018952932971851718,-0.002148401177226811,366,0.0006954078580161024,0.0017728189655172402,0.3504056398263582,0.5109289617486339,augmented_signal_history,0.0,0.0
FEPS,complete_case,3,Q3,5,1,222756,366,0,0.0,1.0344857606084237,1.03,0.010505947718579971,0.00986107205737026,0.00064487566120971,-0.002344432108818628,366,0.0003392275128744871,0.00028575075213509507,0.19339347044237326,0.5027322404371585,augmented_signal_history,0.0,0.0
FEPS,complete_case,4,Q4,5,1,228057,366,0,0.0,1.8487239581591444,1.8200001,0.010642021073678948,0.010033513654923703,0.0006085074187552464,-0.002506382097515525,366,-0.0005035837437362523,-0.0012581307770530847,-0.31597240127473397,0.48360655737704916,augmented_signal_history,0.0,0.0
FEPS,complete_case,5,Q5,5,1,226237,366,0,0.0,14.943905012127548,3.5899999,0.0105619112877204,0.009420623040534228,0.0011412882471861713,-0.0031756282038570838,366,-0.0006636053838422491,-0.0004986888957816357,-0.4186897302219997,0.4890710382513661,augmented_signal_history,0.0,0.0
FEPS,conditional_mean,1,Q1,5,1,293256,366,4914,0.016756690400196415,-0.8043757300950224,-0.34,0.01027509476702949,0.012084970136755503,-0.0018098753697260133,-0.0019186862132238858,366,0.0024844905859820504,-0.000896997252747259,0.7213140578015564,0.4890710382513661,augmented_signal_history,0.00021658068344421189,-0.0026402069013372145
FEPS,conditional_mean,2,Q2,5,1,292101,366,118360,0.405202310159842,0.5322520799845767,0.5814724695347192,0.011358911869524584,0.012677815025465278,-0.0013189031559406937,-0.0015425553180847817,366,0.0025403584273158562,0.00494119308275784,0.9202129573442258,0.5382513661202186,augmented_signal_history,0.000605845859142029,0.0018449505692997538
FEPS,conditional_mean,3,Q3,5,1,292501,366,163197,0.5579365540630631,0.8774608909650521,0.8639376166243152,0.013652310692954897,0.013657933798765688,-5.623105810793018e-06,-0.0003446522712848843,366,0.004757676717215705,0.003802845376175549,1.6126551876974184,0.5628415300546448,augmented_signal_history,0.001999779837533744,0.004418449204341218
FEPS,conditional_mean,4,Q4,5,1,294395,366,40189,0.1365138674230201,1.487764318496963,1.45,0.011411854651064047,0.010584858873209273,0.0008269957778547732,-0.00036703659556325263,366,0.0024141858509332654,0.0013963391891891907,1.4008638965243114,0.5218579234972678,augmented_signal_history,0.0021393455019522722,0.002917769594669518
FEPS,conditional_mean,5,Q5,5,1,290843,366,671,0.002307086641246308,12.127428522680955,3.1400001,0.010710700133749135,0.008355990303856536,0.0023547098298925995,-0.0026125895724411485,366,0.0001373201243681701,-2.5662420428562704e-05,0.09051064973206645,0.5,augmented_signal_history,0.0005630386314159352,0.0008009255082104191
FEPS,conditional_quantile_draw,1,Q1,5,25,294604,366,6262,0.021255651654424244,-0.7961452722655303,-0.34399999872000003,0.010283938463157323,0.012110100323732668,-0.0018261618605753445,-0.0018463076810302237,366,0.0023554649039940587,-0.00032776185463659346,0.6871777020155414,0.4890710382513661,augmented_signal_history,0.00028895921563787397,-0.0027692325833252062
FEPS,conditional_quantile_draw,2,Q2,5,25,290638,366,138231,0.47561227368754255,0.4646221280014722,0.470800004596,0.01134791153600011,0.013122910590411985,-0.0017749990544118754,-0.001574540771593469,366,0.005131559097878079,0.002440444732349714,1.5585730393265942,0.5136612021857924,augmented_signal_history,0.0005738604056333418,0.004436151239861977
FEPS,conditional_quantile_draw,3,Q3,5,25,292616,366,132021,0.4511749186647347,0.9263665974457677,0.9696000044,0.013054208474587856,0.012970148145504486,8.406032908336942e-05,-0.00046054608304557654,366,0.0036371731621773215,0.00504376008634224,1.5286081798502127,0.5601092896174863,augmented_signal_history,0.0018838860257730516,0.0032979456493028346
FEPS,conditional_quantile_draw,4,Q4,5,25,294298,366,50049,0.17006231778673317,1.4952440030844363,1.45,0.012017006323522416,0.010800894532215461,0.001216111791306955,-3.435645572280599e-05,366,0.003990299908683802,0.002071194421068335,2.1227796320677648,0.5382513661202186,augmented_signal_history,0.002472025641792719,0.004493883652420054
FEPS,conditional_quantile_draw,5,Q5,5,25,290940,366,768,0.0026397195297999587,12.128739735915616,3.1500001,0.010706494232487799,0.008362004125750696,0.002344490106737103,-0.0024986882057080884,366,2.3646065970450664e-05,1.514514171484238e-06,0.015606891126261303,0.5,augmented_signal_history,0.0006769399981489954,0.0006872514498126997
FEPS,residual_bootstrap,1,Q1,5,25,294206,366,5864,0.019931612543591905,-0.8074523448179749,-0.34,0.010275747778767259,0.012090359077902455,-0.001814611299135198,-0.0019063979282731847,366,0.0022454060677835814,-0.0013994178751551012,0.6504692328577311,0.4781420765027322,augmented_signal_history,0.000228868968394913,-0.0028792914195356835
FEPS,residual_bootstrap,2,Q2,5,25,291033,366,117292,0.4030195888438768,0.5243659871807722,0.562708598277976,0.011200645449141506,0.01272810462962219,-0.001527459180480684,-0.0015709621366226667,366,0.002939157321732636,0.0040638479274309885,1.060429354717483,0.5409836065573771,augmented_signal_history,0.0005774390406041441,0.0022437494637165337
FEPS,residual_bootstrap,3,Q3,5,25,292619,366,163315,0.558114818244885,0.8797129837974905,0.8696562698584974,0.013880557735485391,0.013599528486407803,0.00028102924907759126,-0.00029432236326787375,366,0.006220688386404782,0.0016393267252820184,2.1428113778488505,0.5300546448087432,augmented_signal_history,0.0020501097455507544,0.005881460873530295
FEPS,residual_bootstrap,4,Q4,5,25,294053,366,39847,0.13550958500678448,1.4911144636989069,1.45,0.011342544680720821,0.010582230469731068,0.0007603142109897544,-0.0004521248394182553,366,0.0027763389222847084,0.003431497379549185,1.612133791078918,0.5355191256830601,augmented_signal_history,0.0020542572580972696,0.003279922666020961
FEPS,residual_bootstrap,5,Q5,5,25,291185,366,1013,0.0034788879921699265,12.125117205046362,3.1500001,0.010712275814344833,0.008365473142236823,0.00234680267210801,-0.002524379669394783,366,0.0002211099132727114,-2.1187218890555623e-05,0.14590621863056147,0.5,augmented_signal_history,0.0006512485344623009,0.0008847152971149605
FEPS,unconditional_mean,1,Q1,5,1,295285,366,0,0.0,-0.7807604754408514,-0.31999999,0.010263752842169429,0.012055038992632034,-0.0017912861504626064,-0.0018294698786529562,366,0.002175528982723387,-0.0017968488348530974,0.6361151647695188,0.4808743169398907,augmented_signal_history,0.0003057970180151415,-0.002949168504595878
FEPS,unconditional_mean,2,Q2,5,1,289958,366,0,0.0,0.652569854752171,0.64999998,0.010929592216803813,0.010850240835416797,7.935138138701747e-05,-0.001535038485544371,366,-0.000850721218698386,0.0018958332756432543,-0.4198409049917965,0.5300546448087432,augmented_signal_history,0.0006133626916824397,-0.0015461290767144883
FEPS,unconditional_mean,3,Q3,5,1,300976,366,167684,0.5571341236510552,1.3760925482431587,1.410060228751925,0.015687879508665143,0.013946358751613167,0.0017415207570519783,-0.0005685888943760542,366,0.003114356723999951,0.002935241520267841,1.062001010300953,0.5382513661202186,augmented_signal_history,0.001775843214442574,0.0027751292111254638
FEPS,unconditional_mean,4,Q4,5,1,286340,366,123533,0.43142068869176503,1.8057146963122583,1.769210527094918,0.0101468818327862,0.012259709469816669,-0.0021128276370304703,0.000318364077150024,366,0.00437294547990834,0.0025648889865330414,2.208734211893838,0.5327868852459017,augmented_signal_history,0.002824746174665549,0.0048765292236445925
FEPS,unconditional_mean,5,Q5,5,1,290537,366,36114,0.12430086357331424,12.19696297698364,3.1400001,0.010230139434908463,0.008172702463387634,0.002057436971520828,-0.003440568116636733,366,0.0002466199717476538,-0.0016268342847703503,0.1578157020073344,0.47540983606557374,augmented_signal_history,-0.00026493991277964923,0.0009102253555899029
FEPS,complete_case,1,Q1,5,1,229280,366,0,0.0,-1.0452020543960696,-0.55000001,0.009186107632588975,0.010102247921895468,-0.0009161402893064964,-0.00224226767870106,366,0.003968152013424501,0.003774203531027344,1.0785044019000658,0.5327868852459017,fixed_x_obs,0.0,0.0
FEPS,complete_case,2,Q2,5,1,229435,366,0,0.0,0.3746623657995467,0.37,0.012052763545230676,0.010393052194121632,0.0016597113511090424,-0.0019586698217819443,366,0.00013919995326007668,0.0005135723461798629,0.06518727446222446,0.5081967213114754,fixed_x_obs,0.0,0.0
FEPS,complete_case,3,Q3,5,1,222756,366,0,0.0,1.0344857606084237,1.03,0.010505947718579971,0.010037800061067912,0.0004681476575120575,-0.00209423809328535,366,-0.0005475251820727312,-0.0011227753567060756,-0.28944624778521855,0.47540983606557374,fixed_x_obs,0.0,0.0
FEPS,complete_case,4,Q4,5,1,228057,366,0,0.0,1.8487239581591444,1.8200001,0.010642021073678948,0.01010985659831491,0.0005321644753640383,-0.0022416324159928447,366,-0.00022960355186844164,-0.001809404999999993,-0.1359033594424315,0.47540983606557374,fixed_x_obs,0.0,0.0
FEPS,complete_case,5,Q5,5,1,226237,366,0,0.0,14.943905012127548,3.5899999,0.0105619112877204,0.009442906190177005,0.001119005097543393,-0.002748375307552786,366,-0.0005482212287449032,-0.00019793584713745978,-0.32964813694113443,0.49453551912568305,fixed_x_obs,0.0,0.0
FEPS,conditional_mean,1,Q1,5,1,292620,366,116003,0.396428815528672,-1.6654528923314618,-0.8978910421683877,0.012484212196705625,0.013656364026539103,-0.001172151829833478,-0.0012846461345579208,366,0.015195692247883568,0.01451533714628906,4.098480340500911,0.6202185792349727,fixed_x_obs,0.000957621544143139,0.011227540234459068
FEPS,conditional_mean,2,Q2,5,1,292698,366,59567,0.20351010256305133,0.2148648400990179,0.22,0.012795117985090436,0.01338514452555063,-0.0005900265404601965,-0.0010339570322643876,366,0.0024572113748056665,0.001788863840661254,0.9638117313388095,0.5245901639344263,fixed_x_obs,0.0009247127895175566,0.0023180114215455897
FEPS,conditional_mean,3,Q3,5,1,294257,366,54992,0.1868842542403409,0.9123314684218978,0.91000003,0.01116351675915951,0.011205686726053328,-4.2169966893817225e-05,-0.0008835569731899806,366,0.0006937780867412178,0.003988277820944488,0.3621233510190561,0.546448087431694,fixed_x_obs,0.0012106811200953693,0.001241303268813949
FEPS,conditional_mean,4,Q4,5,1,292245,366,51830,0.1773511950589403,1.7306535308250772,1.7,0.010653409827370869,0.01023188823069739,0.00042152159667348124,-0.0014536859463647467,366,0.0003612930420090355,0.002386248492699014,0.23060912325741076,0.5218579234972678,fixed_x_obs,0.000787946469628098,0.0005908965938774772
FEPS,conditional_mean,5,Q5,5,1,291276,366,44939,0.15428322278526208,12.521335809773165,3.47,0.01030856652453343,0.009035022838517464,0.0012735436860159687,-0.0019051918726655792,366,0.0001919008665293164,0.00019306750992063512,0.11937382307205781,0.5027322404371585,fixed_x_obs,0.0008431834348872069,0.0007401220952742197
FEPS,conditional_quantile_draw,1,Q1,5,25,292620,366,45354,0.15499282345704327,-0.8274184151268607,-0.3499999899999999,0.010900201513908823,0.012861564929861038,-0.0019613634159522135,-0.0015813820341856744,366,0.007221998640387408,0.004836979885057454,2.047005713835496,0.5655737704918032,fixed_x_obs,0.0006608856445153855,0.0032538466269629073
FEPS,conditional_quantile_draw,2,Q2,5,25,294148,366,122091,0.4150665651304785,0.33246339171448314,0.32279999958,0.014537953863361302,0.01401750849787504,0.0005204453654862607,-0.0006486281426922869,366,0.009705589077165193,0.010154221743295014,3.066475802993466,0.6038251366120219,fixed_x_obs,0.0013100416790896574,0.009566389123905117
FEPS,conditional_quantile_draw,3,Q3,5,25,291091,366,83260,0.2860273934955048,0.8865574924679189,0.88,0.010917959603697814,0.011686267726413683,-0.00076830812271587,-0.0010531524067656228,366,0.0005888438657625705,0.002157542272691407,0.28412898640588385,0.5163934426229508,fixed_x_obs,0.001041085686519727,0.0011363690478353016
FEPS,conditional_quantile_draw,4,Q4,5,25,293312,366,58552,0.1996236089897447,1.6154042911348387,1.59,0.010269239185577131,0.010458510103532864,-0.0001892709179557315,-0.0010048653695811094,366,0.0010472967280904207,0.002475800991664742,0.6222745058165322,0.5218579234972678,fixed_x_obs,0.0012367670464117353,0.0012769002799588624
FEPS,conditional_quantile_draw,5,Q5,5,25,291925,366,18074,0.06191316262738717,12.344964974245713,3.1800000999999996,0.010766753320202107,0.008463257334340992,0.0023034959858611137,-0.0024819825126696227,366,0.0002300523957032284,-0.0007144270933104758,0.14702119951557407,0.48633879781420764,fixed_x_obs,0.0002663927948831635,0.0007782736244481316
FEPS,residual_bootstrap,1,Q1,5,25,292971,366,128662,0.43916292056210343,-1.8376479375641086,-1.01,0.012266421051912986,0.01379616872206115,-0.0015297476701481632,-0.0013316047092608585,366,0.015321896861168662,0.015468252069736527,4.094324622905569,0.6229508196721312,fixed_x_obs,0.0009106629694402013,0.011353744847744162
FEPS,residual_bootstrap,2,Q2,5,25,292329,366,60542,0.20710227175545362,0.17078557245559528,0.18000001,0.012826182479329797,0.013439152713866205,-0.0006129702345364097,-0.0008972823868058644,366,0.0036280164651125717,0.0032504117822966566,1.3833144122939753,0.5218579234972678,fixed_x_obs,0.00106138743497608,0.003488816511852495
FEPS,residual_bootstrap,3,Q3,5,25,292558,366,52583,0.17973530035069968,0.8720228444930549,0.87,0.011260412068717996,0.011228927384160866,3.1484684557132136e-05,-0.0010830009296318721,366,-0.0001390676276117782,0.0007327859898057579,-0.07162534013165626,0.5136612021857924,fixed_x_obs,0.0010112371636534778,0.00040845755446095304
FEPS,residual_bootstrap,4,Q4,5,25,293559,366,46843,0.15956928590164157,1.6901776979968952,1.66,0.010597932729025511,0.01016631403363922,0.00043161869538628907,-0.0011713572296399022,366,0.0008404455272002688,0.0016889468069666235,0.5347240251661562,0.5245901639344263,fixed_x_obs,0.0010702751863529425,0.0010700490790687103
FEPS,residual_bootstrap,5,Q5,5,25,291679,366,38701,0.13268353223920817,12.76088064417418,3.4100000999999995,0.01045879010144714,0.008891839128364812,0.0015669509730823273,-0.002029557918343139,366,-6.23454663639425e-05,-0.000766996659691729,-0.038571944110784205,0.4890710382513661,fixed_x_obs,0.0007188173892096472,0.00048587576238096075
FEPS,unconditional_mean,1,Q1,5,1,295285,366,0,0.0,-0.7807604754408514,-0.31999999,0.010263752842169429,0.012169306764542252,-0.0019055539223728232,-0.0017733485518678371,366,0.00273065556687597,0.0020864785397096816,0.7844596381073353,0.5218579234972678,fixed_x_obs,0.0004689191268332227,-0.001237496446548531
FEPS,unconditional_mean,2,Q2,5,1,289958,366,0,0.0,0.652569854752171,0.64999998,0.010929592216803813,0.010950007278604363,-2.0415061800549582e-05,-0.0014000520613837164,366,-0.00025601362963894247,0.0016577729201307269,-0.12073834446873587,0.5300546448087432,fixed_x_obs,0.0005586177603982279,-0.00039521358289901914
FEPS,unconditional_mean,3,Q3,5,1,300976,366,167684,0.5571341236510552,1.3760925482431587,1.410060228751925,0.015687879508665143,0.013666527227583615,0.002021352281081527,-0.0004055312947155443,366,0.00272124798570739,0.002547425444132788,0.9001252861749977,0.5327868852459017,fixed_x_obs,0.0016887067985698057,0.003268773167780121
FEPS,unconditional_mean,4,Q4,5,1,286340,366,123533,0.43142068869176503,1.8057146963122583,1.769210527094918,0.0101468818327862,0.012345934553676045,-0.0021990527208898473,0.0006249942934297703,366,0.004743461824311669,0.0027755902680620097,2.3754900009196933,0.5300546448087432,fixed_x_obs,0.002866626709422615,0.004973065376180111
FEPS,unconditional_mean,5,Q5,5,1,290537,366,36114,0.12430086357331424,12.19696297698364,3.1400001,0.010230139434908463,0.008278939859352494,0.0019511995755559675,-0.003314580210368012,366,0.00048451127197550285,-0.0002488149409416436,0.3038587244780507,0.4918032786885246,fixed_x_obs,-0.0005662049028152261,0.001032732500720406
ForecastDispersion,complete_case,1,Q1,5,1,154657,366,0,0.0,-0.8559027875889226,-0.32352942,0.014411144959491001,0.012639707178983281,0.0017714377805077223,-0.0021548487121336724,366,0.004605083864063849,-0.0003357843653250701,1.2346596778340826,0.5,augmented_signal_history,0.0,0.0
ForecastDispersion,complete_case,2,Q2,5,1,154861,366,0,0.0,-0.09711087985239666,-0.092307694,0.011732401146834904,0.012105974599100143,-0.0003735734522652398,-0.0036367396567611454,366,-0.0007335782679784107,-0.0003527605714812969,-0.21190592718978163,0.4972677595628415,augmented_signal_history,0.0,0.0
ForecastDispersion,complete_case,3,Q3,5,1,154043,366,0,0.0,-0.043585227786566094,-0.04255319,0.011772659608031522,0.011364959303657477,0.0004077003043740475,-0.002774513078973362,366,0.0005834953954798944,-9.01799999999944e-05,0.1954730599275921,0.5,augmented_signal_history,0.0,0.0
ForecastDispersion,complete_case,4,Q4,5,1,155375,366,0,0.0,-0.022286357439684632,-0.021978023,0.01145490853097345,0.011236134903290609,0.00021877362768284232,-0.0023864061018381566,366,-5.2071344542490163e-05,-0.0004158172450309519,-0.02441903656626895,0.4890710382513661,augmented_signal_history,0.0,0.0
ForecastDispersion,complete_case,5,Q5,5,1,153665,366,0,0.0,-0.008843741125780692,-0.0095238099,0.011286060670940032,0.011769425273269069,-0.0004833646023290373,-0.0024745700288457684,366,-0.0010214998160990429,-0.00039941880341881186,-0.5855397053133187,0.4890710382513661,augmented_signal_history,0.0,0.0
ForecastDispersion,conditional_mean,1,Q1,5,1,292620,366,224778,0.7681566536805413,-0.8270044789400536,-0.5266791024442355,0.016069336952361422,0.01642820089730886,-0.00035886394494743254,-0.00035739650073352003,366,0.018542220237851185,0.01716416427203065,5.613414816583669,0.6475409836065574,augmented_signal_history,0.0017974522114001523,0.013937136373787335
ForecastDispersion,conditional_mean,2,Q2,5,1,292619,366,241997,0.8270037147280251,-0.2798487575073535,-0.27672380090763443,0.008306408319350419,0.009983460374379055,-0.0016770520550286367,-0.0014186909635125478,366,0.0027727222166366266,0.003045039128581733,1.1308769230667177,0.5300546448087432,augmented_signal_history,0.0022180486932485977,0.0035063004846150373
ForecastDispersion,conditional_mean,3,Q3,5,1,293949,366,161125,0.548139303076384,-0.14226213932935994,-0.14146545917620074,0.010417479399487667,0.010124388550228427,0.0002930908492592395,-0.0018806798239696665,366,0.0038363892072628713,0.00265295676691729,1.5737937557677755,0.5355191256830601,augmented_signal_history,0.0008938332550036954,0.003252893811782977
ForecastDispersion,conditional_mean,4,Q4,5,1,291289,366,36179,0.12420311099972879,-0.04847120642748904,-0.045454547,0.011262660423153636,0.011098524459066271,0.0001641359640873663,-0.0021333224615947,366,0.0014487502560312441,0.0012631271499644603,0.6789161893072052,0.5136612021857924,augmented_signal_history,0.00025308364024345664,0.0015008216005737342
ForecastDispersion,conditional_mean,5,Q5,5,1,292619,366,26416,0.09027438409672646,-0.009799393589321302,-0.013157895,0.011357783763186944,0.010810685382291133,0.000547098380895809,-0.0028965878900371056,366,0.0016941159083307534,0.0011320256810897506,0.9971717246479282,0.5245901639344263,augmented_signal_history,-0.0004220178611913372,0.0027156157244297963
ForecastDispersion,conditional_quantile_draw,1,Q1,5,25,292643,366,240307,0.8211609367044488,-1.1164607585421422,-0.7637700794,0.014110397812351568,0.014596503631082714,-0.00048610581873114627,-0.00044264399497162543,366,0.013904096115539355,0.01270149800252313,4.343514483193365,0.6120218579234973,augmented_signal_history,0.001712204717162047,0.009299012251475506
ForecastDispersion,conditional_quantile_draw,2,Q2,5,25,292596,366,169319,0.5786784508332308,-0.27626096916240617,-0.26185217682,0.011652484121450738,0.012569662306136055,-0.0009171781846853166,-0.001054860663348478,366,0.005999713160117615,0.006982233011726151,2.0407591761588093,0.5382513661202186,augmented_signal_history,0.0025818789934126674,0.006733291428096025
ForecastDispersion,conditional_quantile_draw,3,Q3,5,25,292668,366,165521,0.5655589268386021,-0.09377087729563219,-0.092307694,0.009240179982095753,0.009970378494525426,-0.0007301985124296718,-0.0017453735100887435,366,0.0015747841921373254,0.003061012460942387,0.7109484299143187,0.5300546448087432,augmented_signal_history,0.0010291395688846183,0.0009912887966574309
ForecastDispersion,conditional_quantile_draw,4,Q4,5,25,292583,366,100605,0.3438511465122717,-0.04309279226782271,-0.042105265,0.011020951015609246,0.01060214938902419,0.00041880162658505544,-0.0026009077903443867,366,0.0021635041283953396,-0.00036854290373369175,1.1042854480533915,0.4972677595628415,augmented_signal_history,-0.00021450168850623008,0.00221557547293783
ForecastDispersion,conditional_quantile_draw,5,Q5,5,25,292606,366,14743,0.05038515956610596,-0.014581279536594908,-0.014705881999999998,0.01138594235593255,0.010712131181457066,0.000673811174475484,-0.0026035358249953955,366,0.0014795101970456433,0.0008555694040697724,0.8649737165521968,0.5081967213114754,augmented_signal_history,-0.0001289657961496271,0.0025010100131446864
ForecastDispersion,residual_bootstrap,1,Q1,5,25,292620,366,225018,0.768976830018454,-0.8852148569724427,-0.5635443154020683,0.015476369793588955,0.015874210901504666,-0.0003978411079157094,-0.0004775562811873968,366,0.013193414210781918,0.011222524716267338,3.863162630009659,0.5846994535519126,augmented_signal_history,0.0016772924309462756,0.008588330346718069
ForecastDispersion,residual_bootstrap,2,Q2,5,25,292619,366,228078,0.7794367419750597,-0.265715077613612,-0.26086956,0.00952546132000998,0.010691606021000142,-0.0011661447009901637,-0.0012786131665905032,366,0.0038651584823996884,0.003965827254158164,1.522140699258883,0.5573770491803278,augmented_signal_history,0.0023581264901706422,0.004598736750378099
ForecastDispersion,residual_bootstrap,3,Q3,5,25,293039,366,139258,0.47522002190834667,-0.12029905563138349,-0.11764706,0.00989126132357809,0.010348784644934838,-0.0004575233213567471,-0.0016988404207909369,366,0.0026118299481465955,0.0013342871100330174,1.086598663179315,0.5163934426229508,augmented_signal_history,0.001075672658182425,0.002028334552666701
ForecastDispersion,residual_bootstrap,4,Q4,5,25,292263,366,38128,0.13045784105411906,-0.04115833138544964,-0.038961038,0.011262660234104214,0.010843831870392718,0.0004188283637114954,-0.0016583422122666835,366,0.002132292607690055,0.0008415152042770925,1.1039951638868266,0.5109289617486339,augmented_signal_history,0.0007280638895714731,0.0021843639522325453
ForecastDispersion,residual_bootstrap,5,Q5,5,25,292555,366,60013,0.20513407735297637,0.0046100493538467156,-0.010810811,0.011256043670420946,0.010689222724777132,0.0005668209456438133,-0.003222748669322817,366,0.0022611760315215043,0.002079290079690611,1.3303341969339215,0.5327868852459017,augmented_signal_history,-0.0007481786404770485,0.003282675847620547
ForecastDispersion,unconditional_mean,1,Q1,5,1,298434,366,184548,0.6183879852831782,-0.5620873977937786,-0.24569893929906103,0.013506641692970639,0.014227969236590502,-0.0007213275436198615,-0.0006441039745075372,366,0.011777307205537022,0.006959733333333335,3.4052121897133376,0.5573770491803278,augmented_signal_history,0.0015107447376261351,0.007172223341473173
ForecastDispersion,unconditional_mean,2,Q2,5,1,287541,364,281904,0.9803958392020616,-0.20713492633860547,-0.2053592822797259,0.013614424096041956,0.011914592620472191,0.0016998314755697645,-0.0011158757093041594,349,0.00041461176464140825,0.007185608040201012,0.056394711242725167,0.5358166189111748,augmented_signal_history,0.002520863947456986,0.0011481900326198188
ForecastDispersion,unconditional_mean,3,Q3,5,1,292006,366,224043,0.7672547824359773,-0.18991753694227476,-0.19801613093675474,0.0072484184879762735,0.00975122214011245,-0.0025028036521361763,-0.0015495032542489628,366,0.006751094145196013,0.005843350394277341,2.008239365768615,0.5437158469945356,augmented_signal_history,0.001225009824724399,0.006167598749716119
ForecastDispersion,unconditional_mean,4,Q4,5,1,292536,366,0,0.0,-0.06069386601540324,-0.0542350465,0.011607735136872044,0.011529617262625323,7.811787424672055e-05,-0.001842558982378062,366,0.0014151835216468034,0.0017314458114831358,0.6176919050951044,0.5191256830601093,augmented_signal_history,0.0005438471194600947,0.0014672548661892936
ForecastDispersion,unconditional_mean,5,Q5,5,1,292579,366,0,0.0,-0.014823366565748362,-0.01472754,0.01142055316683699,0.010965662755659977,0.0004548904111770151,-0.0009949288274899715,366,0.0026758581611609684,0.001051491791217231,1.6514565227756153,0.5191256830601093,augmented_signal_history,0.001479641201355797,0.0036973579772600113
ForecastDispersion,complete_case,1,Q1,5,1,154657,366,0,0.0,-0.8559027875889226,-0.32352942,0.014411144959491001,0.013239453070657,0.0011716918888340052,-0.003060028388735425,366,0.0011624008933399327,-0.00034711642553191674,0.3039596879963387,0.4972677595628415,fixed_x_obs,0.0,0.0
ForecastDispersion,complete_case,2,Q2,5,1,154861,366,0,0.0,-0.09711087985239666,-0.092307694,0.011732401146834904,0.01243128771008297,-0.0006988865632480667,-0.0038103470984465204,366,-0.004513125293879575,-0.0036925942643323416,-1.2612699670447962,0.45901639344262296,fixed_x_obs,0.0,0.0
ForecastDispersion,complete_case,3,Q3,5,1,154043,366,0,0.0,-0.043585227786566094,-0.04255319,0.011772659608031522,0.01158822534336346,0.00018443426466806487,-0.0027879479380847894,366,-0.0013122889265535721,0.0007335223753976664,-0.4352727262484562,0.5027322404371585,fixed_x_obs,0.0,0.0
ForecastDispersion,complete_case,4,Q4,5,1,155375,366,0,0.0,-0.022286357439684632,-0.021978023,0.01145490853097345,0.01129650454487485,0.00015840398609860083,-0.0023830524414765186,366,-0.0013263141902091914,-0.0018339571805006585,-0.5733641583296034,0.4726775956284153,fixed_x_obs,0.0,0.0
ForecastDispersion,complete_case,5,Q5,5,1,153665,366,0,0.0,-0.008843741125780692,-0.0095238099,0.011286060670940032,0.011573452912189315,-0.0002873922412492846,-0.0020031706339138644,366,-0.0008384325193294745,-0.0016934433237716304,-0.44987981428218354,0.48360655737704916,fixed_x_obs,0.0,0.0
ForecastDispersion,conditional_mean,1,Q1,5,1,292620,366,236044,0.8066570979427243,-0.9593624408286999,-0.6672173009770671,0.016568203338801175,0.017275049161832225,-0.000706845823031046,-0.00046829909516987733,366,0.01803999911785059,0.015662263334304857,5.02620627479907,0.6092896174863388,fixed_x_obs,0.002591729293565548,0.016877598224510657
ForecastDispersion,conditional_mean,2,Q2,5,1,292638,366,235237,0.8038498076121351,-0.3164084440147838,-0.3107354664772205,0.00899367988436225,0.012360489913847314,-0.003366810029485064,-0.001715359147191231,366,0.0014413740771512082,0.0009950428571428595,0.5171917017684275,0.5136612021857924,fixed_x_obs,0.0020949879512552894,0.005954499371030783
ForecastDispersion,conditional_mean,3,Q3,5,1,292600,366,152420,0.5209159261790841,-0.14264415247966458,-0.13991879026285053,0.009885101924128503,0.010134763635217436,-0.0002496617110889324,-0.001822569063101076,366,-0.0009380865715872024,-0.0017012489871535072,-0.3658731578310127,0.4890710382513661,fixed_x_obs,0.0009653788749837133,0.0003742023549663698
ForecastDispersion,conditional_mean,4,Q4,5,1,292775,366,37582,0.1283647852446418,-0.047785050609913525,-0.045081966,0.01091187764665699,0.009072511697083008,0.0018393659495739819,-0.001598133765060128,366,-0.0004247106973437603,0.0006265003080860622,-0.18274611999302046,0.505464480874317,fixed_x_obs,0.0007849186764163907,0.0009016034928654311
ForecastDispersion,conditional_mean,5,Q5,5,1,292463,366,29212,0.09988272020734247,-0.009076732778993698,-0.01294964,0.011051094976116638,0.008667678239832109,0.0023834167362845288,-0.0028119651092870512,366,-0.0004381251694096391,-0.0010130018477457496,-0.2518829236641687,0.4972677595628415,fixed_x_obs,-0.0008087944753731868,0.0004003073499198354
ForecastDispersion,conditional_quantile_draw,1,Q1,5,25,292620,366,223894,0.7651356708358964,-0.9331847210158488,-0.5784752236599999,0.013778886945526621,0.015305009934331225,-0.0015261229888046052,-0.0006612426261392024,366,0.010476245132565138,0.012564090773809523,3.056933056043896,0.5683060109289617,fixed_x_obs,0.0023987857625962228,0.009313844239225206
ForecastDispersion,conditional_quantile_draw,2,Q2,5,25,292619,366,213035,0.728028596912709,-0.251523277506848,-0.24752475000000002,0.012243817670759589,0.013824476365341263,-0.0015806586945816762,-0.0011382748685599964,366,0.007513170156014376,0.008051064369658124,2.291553148886268,0.5792349726775956,fixed_x_obs,0.002672072229886524,0.012026295449893951
ForecastDispersion,conditional_quantile_draw,3,Q3,5,25,292619,366,150174,0.5132065928733267,-0.10614345304063923,-0.10232354536399998,0.009993361073614496,0.010433423921723643,-0.000440062848109147,-0.001973282780217911,366,-0.0019665129946977358,-0.0028818652788197043,-0.8092929746707578,0.4726775956284153,fixed_x_obs,0.0008146651578668784,-0.0006542240681441636
ForecastDispersion,conditional_quantile_draw,4,Q4,5,25,293634,366,97908,0.3334355013384009,-0.04537766253015966,-0.044444446,0.010049387002186395,0.008992727396064142,0.0010566596061222535,-0.0020006076889103053,366,0.00090954448127086,0.0015170761797832864,0.41796436579832963,0.5218579234972678,fixed_x_obs,0.00038244475256621335,0.0022358586714800515
ForecastDispersion,conditional_quantile_draw,5,Q5,5,25,291604,366,5484,0.018806326387841046,-0.014714028706486535,-0.014705881999999998,0.011348890063236444,0.008970380724528933,0.0023785093387075095,-0.001692246915146134,366,0.0004424480174482565,0.0010929196731678144,0.2569044455598134,0.5191256830601093,fixed_x_obs,0.0003109237187677305,0.001280880536777731
ForecastDispersion,residual_bootstrap,1,Q1,5,25,292709,366,236282,0.8072249230464386,-1.017043810229058,-0.7056127877618448,0.016113110717470253,0.016907387679233152,-0.0007942769617629026,-0.00046952627887697496,366,0.016875282801026965,0.014531558677062382,4.720478784903999,0.6147540983606558,fixed_x_obs,0.00259050210985845,0.01571288190768703
ForecastDispersion,residual_bootstrap,2,Q2,5,25,292530,366,221942,0.758698253170615,-0.3027728658888337,-0.2956026035096544,0.009851973250606775,0.012401669666844495,-0.0025496964162377194,-0.001661915140267478,366,0.000584604250554016,0.003660585990646257,0.2027652228251897,0.5355191256830601,fixed_x_obs,0.0021484319581790423,0.005097729544433591
ForecastDispersion,residual_bootstrap,3,Q3,5,25,292755,366,125349,0.42817031306040887,-0.11995237858910135,-0.11557789,0.010047895277621219,0.01029330169252119,-0.0002454064148999696,-0.0017802490695701945,366,-0.0008128260468256347,-0.0010981945505350848,-0.31793307105357876,0.4890710382513661,fixed_x_obs,0.001007698868514595,0.0004994628797279374
ForecastDispersion,residual_bootstrap,4,Q4,5,25,292494,366,36447,0.12460768426018995,-0.03932795234465688,-0.037190083,0.010939039658933175,0.009162009433032808,0.0017770302259003667,-0.0016925432705459098,366,-2.708767473980442e-05,0.0016922091038099208,-0.012789492721480106,0.5245901639344263,fixed_x_obs,0.0006905091709306088,0.001299226515469387
ForecastDispersion,residual_bootstrap,5,Q5,5,25,292608,366,70475,0.2408512412510936,0.0041406039497530215,-0.010050251,0.010456300025973315,0.00875392837345371,0.0017023716525196059,-0.0026026229016673508,366,0.0002603315732642715,0.0011797875610697552,0.14645780018841326,0.5136612021857924,fixed_x_obs,-0.0005994522677534864,0.001098764092593746
ForecastDispersion,unconditional_mean,1,Q1,5,1,298434,366,184548,0.6183879852831782,-0.5620873977937786,-0.24569893929906103,0.013506641692970639,0.012897345096549757,0.0006092965964208812,-0.0004408522093122258,366,0.009442514693136604,0.0052213901693825004,2.6116833499882044,0.5601092896174863,fixed_x_obs,0.0026191761794231994,0.008280113799796672
ForecastDispersion,unconditional_mean,2,Q2,5,1,287541,364,281904,0.9803958392020616,-0.20713492633860547,-0.2053592822797259,0.013614424096041956,0.014588430788184037,-0.0009740066921420816,-0.0007168759925988422,349,0.0006572941250890736,0.004458999999999991,0.09257614491168349,0.5243553008595988,fixed_x_obs,0.0030934711058476783,0.005170419418968649
ForecastDispersion,unconditional_mean,3,Q3,5,1,292006,366,224043,0.7672547824359773,-0.18991753694227476,-0.19801613093675474,0.0072484184879762735,0.011696833811811318,-0.004448415323835043,-0.002280413421950289,366,0.003981691449088179,0.005099985589410597,1.1689488664834085,0.5300546448087432,fixed_x_obs,0.0005075345161345002,0.0052939803756417506
ForecastDispersion,unconditional_mean,4,Q4,5,1,292536,366,0,0.0,-0.06069386601540324,-0.0542350465,0.011607735136872044,0.009324853389716862,0.0022828817471551802,-0.0019373442202090807,366,-0.0020735546771938253,-0.0005121395757575753,-0.8680402487008453,0.4972677595628415,fixed_x_obs,0.0004457082212674379,-0.000747240486984634
ForecastDispersion,unconditional_mean,5,Q5,5,1,292579,366,0,0.0,-0.014823366565748362,-0.01472754,0.01142055316683699,0.009035820232970612,0.0023847329338663797,-0.001255735495497623,366,0.0008134699788864059,0.000711624263690749,0.47810495994489216,0.5081967213114754,fixed_x_obs,0.0007474351384162414,0.0016519024982158802
REV6,complete_case,1,Q1,5,1,217924,360,0,0.0,-0.261648988545291,-0.043520626,0.010789200069749087,0.010287223047319997,0.0005019770224290891,-0.0037882950722474273,360,-0.0003139167485101351,0.0007200704180296835,-0.10619086149835591,0.5083333333333333,augmented_signal_history,0.0,0.0
REV6,complete_case,2,Q2,5,1,217921,360,0,0.0,-0.006516672868944801,-0.0056205029,0.009059511396331698,0.010215699549541263,-0.001156188153209565,-0.002026158477818507,360,-0.0021639636268722955,-0.00022827833125775945,-0.9384650593106554,0.49444444444444446,augmented_signal_history,0.0,0.0
REV6,complete_case,3,Q3,5,1,217922,360,0,0.0,0.001898316348282592,0.001714136,0.009731834638081516,0.010164057466255675,-0.00043222282817415974,-0.0021754251698538063,360,-0.0012402812460194797,0.0005727741418764289,-0.5367546065583777,0.5111111111111111,augmented_signal_history,0.0,0.0
REV6,complete_case,4,Q4,5,1,217922,360,0,0.0,0.009233715214074761,0.0088853659,0.00996427827846661,0.009968314927882962,-4.036649416354649e-06,-0.001804510352878097,360,0.0005410837488053137,0.0010060707070707062,0.2549365985554397,0.5138888888888888,augmented_signal_history,0.0,0.0
REV6,complete_case,5,Q5,5,1,217922,360,0,0.0,0.5623295266392103,0.032726306499999996,0.013669600398307651,0.010658094570669576,0.0030115058276380764,-0.2365548650219116,360,0.0053850944625145215,0.0004955236170212738,1.553775803171431,0.5138888888888888,augmented_signal_history,0.0,0.0
REV6,conditional_mean,1,Q1,5,1,288375,360,46453,0.16108539228435198,-0.21906671258294985,-0.034864955,0.01226301426614651,0.016427202083067707,-0.004164187816921199,-0.5486691563953929,360,0.005826213621296937,0.004636975084776338,1.7882373095367259,0.5444444444444444,augmented_signal_history,-0.5448808613231455,0.006140130369807072
REV6,conditional_mean,2,Q2,5,1,288376,360,110131,0.3819007129580825,-0.005891025387636955,-0.0053182873,0.010994171675174079,0.012266915927235182,-0.001272744252061104,-0.008182036895379774,360,0.0027302763927615015,0.0031671084495653967,1.0288347663085915,0.5388888888888889,augmented_signal_history,-0.006155878417561267,0.004894240019633797
REV6,conditional_mean,3,Q3,5,1,288373,360,78354,0.27171059703925127,0.0014349602085594838,0.0013125206937045718,0.010442391434010812,0.010677708749472185,-0.00023531731546137227,-0.00545814997130889,360,0.00037026735827665083,0.0008869121186440634,0.15424784196980362,0.5194444444444445,augmented_signal_history,-0.0032827248014550836,0.0016105486042961306
REV6,conditional_mean,4,Q4,5,1,288375,360,77903,0.2701447767663632,0.007913673166438668,0.0076417909,0.011290402045947117,0.009991892307741371,0.0012985097382057467,-0.006517571496402086,360,0.0016837341706915584,0.001412237887570467,0.7626739702376086,0.5111111111111111,augmented_signal_history,-0.004713061143523989,0.0011426504218862447
REV6,conditional_mean,5,Q5,5,1,288375,360,39422,0.13670394451668835,0.6162518245351705,0.028176101,0.01343602470047681,0.003485674326686043,0.009950350373790768,-17.58039663675412,360,0.0032382150512895403,0.002266641422717,0.9269086235289473,0.5138888888888888,augmented_signal_history,-17.343841771732208,-0.002146879411224981
REV6,conditional_quantile_draw,1,Q1,5,25,288375,360,36406,0.12624534026874729,-0.20965943354379116,-0.037212405,0.011470615254442998,0.011739087392924808,-0.0002684721384818085,-0.0012594712167701694,360,0.0037184418851424713,0.00169983223140497,1.2089444167073315,0.525,augmented_signal_history,0.002528823855477258,0.004032358633652607
REV6,conditional_quantile_draw,2,Q2,5,25,288375,360,108805,0.3773038578240139,-0.005513999252626448,-0.0052764369,0.011773097394018203,0.012510290863738407,-0.0007371934697202024,-0.00010068565839804755,360,0.004869832158564461,0.0030962116377861483,1.637104724107955,0.5416666666666666,augmented_signal_history,0.0019254728194204596,0.007033795785436756
REV6,conditional_quantile_draw,3,Q3,5,25,288374,360,95157,0.32997773724399565,0.0015290873089499532,0.0014457760964,0.010791159033061232,0.011240268538182609,-0.0004491095051213779,-0.0009072364427415991,360,0.002192166439939146,0.0015801940250806902,0.8641646967668904,0.525,augmented_signal_history,0.0012681887271122072,0.0034324476859586258
REV6,conditional_quantile_draw,4,Q4,5,25,288376,360,82461,0.2859495935861514,0.007525648757164883,0.0072936766155962,0.010991101149194106,0.01042563343189924,0.0005654677172948673,-0.001237543474457814,360,0.0021595989240194187,0.0019082363904532025,0.9047122066852009,0.525,augmented_signal_history,0.000566966878420283,0.001618515175214105
REV6,conditional_quantile_draw,5,Q5,5,25,288374,360,29434,0.1020688411576633,0.4510358096059689,0.028441042,0.013400042767378474,0.010848868666852734,0.002551174100525739,-0.13126505478038042,360,0.006761286381986855,0.003951441826522098,1.8799921975270026,0.5361111111111111,augmented_signal_history,0.10528981024153117,0.001376191919472334
REV6,residual_bootstrap,1,Q1,5,25,288375,360,57552,0.1995734720416125,-0.2232991606622112,-0.036833055,0.012443431108799308,0.012237999490271568,0.0002054316185277386,-0.0007257804947593538,360,0.006886993295886549,0.006399439999999996,2.151444291064275,0.5583333333333333,augmented_signal_history,0.0030625145774880735,0.007200910044396684
REV6,residual_bootstrap,2,Q2,5,25,288376,360,99418,0.34475129691791273,-0.006508727914595628,-0.0059170695,0.010643186891419536,0.01222718793491475,-0.0015840010434952138,-0.0005532393815805836,360,0.0016212289826465554,0.0016381241939336063,0.5909832193804545,0.5277777777777778,augmented_signal_history,0.0014729190962379235,0.003785192609518851
REV6,residual_bootstrap,3,Q3,5,25,288383,360,63593,0.22051577242763964,0.0016222529342401469,0.0014721187,0.010729570428908779,0.010733882808217049,-4.312379308271255e-06,-0.0007884751964983838,360,0.000739997290251031,0.00035619492079170395,0.3198229215447049,0.5111111111111111,augmented_signal_history,0.0013869499733554225,0.001980278536270511
REV6,residual_bootstrap,4,Q4,5,25,288367,360,71831,0.24909577032045968,0.00879437890905966,0.0085047921,0.010965700974799474,0.010460983333591975,0.0005047176412074985,-0.0008254058492542793,360,0.002698952696812512,0.00039393890165906136,1.169356311986942,0.5027777777777778,augmented_signal_history,0.0009791045036238177,0.002157868948007198
REV6,residual_bootstrap,5,Q5,5,25,288373,360,59869,0.20760958896984114,0.6173361275685172,0.030196503,0.01364414469107718,0.011097203374997413,0.0025469413160797666,-0.10220813846455012,360,0.007357654082046586,0.004426894143219415,2.034521652916928,0.5555555555555556,augmented_signal_history,0.13434672655736146,0.001972559619532064
REV6,unconditional_mean,1,Q1,5,1,288376,360,20975,0.07273490165617111,-0.20084892110556876,-0.030839648,0.010852983341193442,0.011265459398943165,-0.0004124760577497227,-0.002839088324379846,360,-0.002575873415093684,-0.004288070487804876,-0.8913983527699136,0.46944444444444444,augmented_signal_history,0.0009492067478675814,-0.002261956666583549
REV6,unconditional_mean,2,Q2,5,1,298416,360,257542,0.8630301324325773,-0.0083739914272,-0.0083303824,0.013176874309688488,0.014566647268291459,-0.0013897729586029681,-0.0001534755515406605,360,0.005143335392176304,0.00738861890804598,1.4891715544012407,0.5638888888888889,augmented_signal_history,0.0018726829262778466,0.007307299019048599
REV6,unconditional_mean,3,Q3,5,1,278332,360,52143,0.18734101720247762,-0.002621094037145044,-0.00204650905,0.011474212781857637,0.011082756595660933,0.00039145618619670366,-0.0009096851308632026,360,0.0001839497456940296,-3.2619237288136684e-05,0.0839283333049902,0.5,augmented_signal_history,0.0012657400389906037,0.0014242309917135093
REV6,unconditional_mean,4,Q4,5,1,288375,360,0,0.0,0.006034157849154399,0.0058201947,0.009414109288253142,0.009255172948546646,0.00015893633970649602,-0.0004624870308931328,360,-0.00034984487590850836,-0.0009199563101236798,-0.17511514212780266,0.4888888888888889,augmented_signal_history,0.0013420233219849642,-0.000890928624713822
REV6,unconditional_mean,5,Q5,5,1,288375,360,21603,0.07491287386215864,0.4321153170294012,0.028757246,0.013448546656263546,0.010503170547476804,0.0029453761087867418,-0.17754608094569346,360,0.007473484461071506,0.0026370657626687004,2.2752986092193397,0.5416666666666666,augmented_signal_history,0.059008784076218124,0.002088389998556985
REV6,complete_case,1,Q1,5,1,211535,348,0,0.0,-0.2617505269643605,-0.044146456,0.01128684281560971,0.01082962554871807,0.00045721726689164187,-0.003267100258931288,348,-0.002146993076762949,-0.0022105809281921067,-0.672090453347004,0.45977011494252873,fixed_x_obs,0.0,0.0
REV6,complete_case,2,Q2,5,1,211530,348,0,0.0,-0.0066401534537377195,-0.0057334972500000005,0.009207264463669457,0.01077325041076927,-0.001565985947099814,-0.0019362608628812339,348,-0.0028733183398106698,-0.0001399742037159887,-1.1410272141461175,0.5,fixed_x_obs,0.0,0.0
REV6,complete_case,3,Q3,5,1,211532,348,0,0.0,0.0019009397845787047,0.0017098297000000002,0.009732697563489212,0.010600571974578633,-0.0008678744110894208,-0.0018861511812926501,348,-0.0010200638754925447,-0.001123282031249996,-0.4202902725945161,0.47701149425287354,fixed_x_obs,0.0,0.0
REV6,complete_case,4,Q4,5,1,211532,348,0,0.0,0.009311029358413384,0.008954296850000001,0.010201370492407769,0.01048910131019136,-0.00028773081778359284,-0.001609296981399222,348,-0.000120596282164146,-0.0002446310604615719,-0.053206951606220465,0.4942528735632184,fixed_x_obs,0.0,0.0
REV6,complete_case,5,Q5,5,1,211532,348,0,0.0,0.577825737028251,0.033034332,0.014081346718227031,0.011210122203324083,0.0028712245149029474,-0.23750028475688456,348,0.006228532641484168,0.0022755985195360325,1.6747139125918231,0.5201149425287356,fixed_x_obs,0.0,0.0
REV6,conditional_mean,1,Q1,5,1,280671,348,126943,0.45228399086474913,-0.22978600878794303,-0.058518058087364336,0.014776840386074798,0.015262636894648336,-0.0004857965085735385,-0.001025300318261424,348,0.011003762821839177,0.008897116706070725,2.9839783840238057,0.5718390804597702,fixed_x_obs,0.002241799940669864,0.013150755898602127
REV6,conditional_mean,2,Q2,5,1,280670,348,97310,0.3467060961271244,-0.013989759651903919,-0.0130516925,0.01084637198489329,0.012436536188272463,-0.0015901642033791723,-0.0007391586132596828,348,0.001749809001778068,0.004908348412698419,0.7175891024330711,0.5718390804597702,fixed_x_obs,0.001197102249621551,0.004623127341588738
REV6,conditional_mean,3,Q3,5,1,280671,348,35066,0.12493631333482974,-0.00014530550193097013,0.0,0.009774529409878469,0.010379302686969662,-0.0006047732770911918,-0.0005292337558227,348,-0.0013445694412377695,-0.001150382481025258,-0.5967881383552319,0.4885057471264368,fixed_x_obs,0.00135691742546995,-0.00032450556574522486
REV6,conditional_mean,4,Q4,5,1,280670,348,35027,0.1247978052517191,0.007885414136856944,0.00759772025,0.010287831706274272,0.010052689958031765,0.00023514174824250758,-0.0006340473549266701,348,0.0008143409460199193,0.003337573708549521,0.37421419899815556,0.5287356321839081,fixed_x_obs,0.0009752496264725519,0.0009349372281840653
REV6,conditional_mean,5,Q5,5,1,280671,348,51346,0.18294016838219837,0.6431033823011456,0.030769231,0.014173194213153476,0.011557144764024295,0.002616049449129184,-0.15997681924068918,348,0.007081972610073678,0.004279177861077114,2.070756979506719,0.5574712643678161,fixed_x_obs,0.07752346551619538,0.0008534399685895099
REV6,conditional_quantile_draw,1,Q1,5,25,280671,348,86044,0.30656533806485176,-0.22710550527244852,-0.045874557999999996,0.013423927235090194,0.013642335869191528,-0.00021840863410133165,-0.0017460876302284323,348,0.005460606354124502,0.004829983451979535,1.5917539668712046,0.5459770114942529,fixed_x_obs,0.0015210126287028558,0.007607599430887451
REV6,conditional_quantile_draw,2,Q2,5,25,280670,348,96985,0.3455481526347668,-0.008931357805495576,-0.0080941943,0.011189069897032103,0.012353765226527445,-0.0011646953294953423,-0.0005525276733604478,348,0.004132550002895275,0.003860104471069551,1.416217847197311,0.5603448275862069,fixed_x_obs,0.001383733189520786,0.0070058683427059445
REV6,conditional_quantile_draw,3,Q3,5,25,280671,348,66752,0.23783005725564807,0.0007025822570779945,0.00062256807,0.010801235838401545,0.011037918734452918,-0.00023668289605137274,-0.00026576628649865874,348,0.0016851902846720358,0.0016246070026980537,0.6727470458186121,0.5172413793103449,fixed_x_obs,0.0016203848947939914,0.00270525416016458
REV6,conditional_quantile_draw,4,Q4,5,25,280671,348,55918,0.19922970310434637,0.007661130637494735,0.007366681011508,0.010746974486142138,0.010641341511519893,0.00010563297462224622,-0.0005180777436057937,348,0.004697164824822719,0.004688375,1.8510147263857413,0.5344827586206896,fixed_x_obs,0.0010912192377934282,0.004817761106986865
REV6,conditional_quantile_draw,5,Q5,5,25,280670,348,39993,0.1424911818149428,0.45437281695490156,0.028432402000000002,0.013697573613139988,0.011917465885638632,0.001780107727501353,-0.07657730144933406,348,0.007094929059768298,0.003302779494339037,1.9681970389361512,0.5402298850574713,fixed_x_obs,0.1609229833075505,0.0008663964182841297
REV6,residual_bootstrap,1,Q1,5,25,280671,348,127087,0.45279704707647034,-0.23906664561851562,-0.06081339423302773,0.014730696605634353,0.015107422223768596,-0.0003767256181342395,-0.0009616219338661747,348,0.009915993218619835,0.00790481023809524,2.704923098360025,0.5459770114942529,fixed_x_obs,0.0023054783250651134,0.012062986295382785
REV6,residual_bootstrap,2,Q2,5,25,280670,348,82283,0.2931663519435636,-0.013339783385417137,-0.012254492774715454,0.010589087729361884,0.012163752206716418,-0.0015746644773545332,-0.0008861067030683234,348,0.001092304065624141,0.0019298855878236991,0.43878449883868575,0.5344827586206896,fixed_x_obs,0.0010501541598129105,0.003965622405434811
REV6,residual_bootstrap,3,Q3,5,25,280672,348,27749,0.09886629232698665,0.00045890707246680094,0.00043559726,0.009962730678514423,0.010254244780266297,-0.0002915141017518727,-0.0005845757068800861,348,-0.0008303418094473557,0.0005812978445284035,-0.36568629346026554,0.514367816091954,fixed_x_obs,0.001301575474412564,0.00018972206604518898
REV6,residual_bootstrap,4,Q4,5,25,280669,348,35456,0.12632674075156144,0.008917045215059915,0.0085333334,0.010414469581606803,0.010189288483502592,0.00022518109810421147,-0.0005735629067491477,348,0.0013246041116667833,0.003146084698025549,0.6166783460133697,0.5517241379310345,fixed_x_obs,0.0010357340746500743,0.0014452003938309292
REV6,residual_bootstrap,5,Q5,5,25,280671,348,73117,0.2605078543917968,0.6437101968891542,0.034744252,0.0141617842491743,0.011909389258615047,0.0022523949905592536,-0.09422353769812908,348,0.007397286444048788,0.005275594361987226,2.1658211609987066,0.5517241379310345,fixed_x_obs,0.14327674705875548,0.0011687538025646196
REV6,unconditional_mean,1,Q1,5,1,280671,348,20975,0.07473162528369515,-0.20045780672384214,-0.031163644,0.01127590406917708,0.011532372588617067,-0.000256468519439989,-0.0021196746029421565,348,-0.0023308128815131106,-0.002361620089488852,-0.7548599101430715,0.47126436781609193,fixed_x_obs,0.0011474256559891316,-0.00018381980475016147
REV6,unconditional_mean,2,Q2,5,1,292293,348,250971,0.8586281573626464,-0.00841595144081207,-0.008419529516493452,0.013545086242229543,0.016033131617857445,-0.002488045375627901,0.0003349543115234166,348,0.005688870021803807,0.008721847870134674,1.557767983325695,0.5775862068965517,fixed_x_obs,0.0022712151744046505,0.008562188361614476
REV6,unconditional_mean,3,Q3,5,1,269048,348,52143,0.19380556629300347,-0.002666805151968834,-0.00211514635,0.011580799329487676,0.011504500074739982,7.629925474769192e-05,-0.0007663153295311975,348,0.0001348943264255989,-0.0007483932119896467,0.056065826776964374,0.4827586206896552,fixed_x_obs,0.0011198358517614526,0.0011549582019181436
REV6,unconditional_mean,4,Q4,5,1,280670,348,0,0.0,0.006062104141693804,0.0058478508,0.009584972341183596,0.009386191368420607,0.00019878097276298948,-0.0004753993644073251,348,-0.00017571598302167733,0.001287214407158838,-0.083211267569568,0.5287356321839081,fixed_x_obs,0.0011338976169918968,-5.5119700857531324e-05
REV6,unconditional_mean,5,Q5,5,1,280671,348,21603,0.07696912042925703,0.44280958686098865,0.029090909,0.013790668811526663,0.011042176772392396,0.002748492039134268,-0.17054701439289044,348,0.0075264454031315885,0.0036696369756235823,2.1570081269795427,0.5373563218390804,fixed_x_obs,0.06695327036399412,0.0012979127616474205
