signal,sample_name,specification,coefficient,is_focus_regressor,month_count,mean_coefficient,t_stat,p_value,positive_month_share,coefficient_std,mean_cross_section_nobs,mean_cross_section_r2
AnalystRevision,full,baseline_missing_only,age,False,359,1.6671420381499017e-05,0.5261012560169569,0.5988178560338251,0.5236768802228412,0.0005636548166916358,3996.6044568245125,0.05694094203459522
AnalystRevision,full,baseline_missing_only,baspread,False,359,-0.060773558340708335,-1.2259795035963683,0.22020638822733163,0.403899721448468,0.7613937255233775,3996.6044568245125,0.05694094203459522
AnalystRevision,full,baseline_missing_only,beta,False,359,0.0009693689449126822,0.6415406066890074,0.5211715071987325,0.520891364902507,0.02661026547101603,3996.6044568245125,0.05694094203459522
AnalystRevision,full,baseline_missing_only,bm,False,359,0.0007880343491963218,0.6917461642709873,0.4890967505141276,0.5264623955431755,0.016375197637567944,3996.6044568245125,0.05694094203459522
AnalystRevision,full,baseline_missing_only,const,False,359,0.026570856716689677,4.316291732119452,1.586722470764178e-05,0.5738161559888579,0.10923781521062317,3996.6044568245125,0.05694094203459522
AnalystRevision,full,baseline_missing_only,idiovol,False,359,0.02549925496674015,1.0690112321703997,0.28506460820461665,0.532033426183844,0.4256523432328918,3996.6044568245125,0.05694094203459522
AnalystRevision,full,baseline_missing_only,ill,False,359,899.7363121996514,1.7862697732910338,0.07405558855939666,0.6016713091922006,10766.37968731845,3996.6044568245125,0.05694094203459522
AnalystRevision,full,baseline_missing_only,maxret,False,359,-0.03295664799235601,-2.820116886552084,0.00480061594231363,0.43454038997214484,0.2256255379131862,3996.6044568245125,0.05694094203459522
AnalystRevision,full,baseline_missing_only,missing_indicator,True,359,1.0720027230077818e-05,0.013447282391168516,0.9892709443510941,0.5181058495821727,0.014042766820680608,3996.6044568245125,0.05694094203459522
AnalystRevision,full,baseline_missing_only,mom1m,False,359,0.011523498164345471,2.7951710818045914,0.005187225647234971,0.5988857938718662,0.0748751580561931,3996.6044568245125,0.05694094203459522
AnalystRevision,full,baseline_missing_only,mve,False,359,-0.0010237408351822263,-2.5276878138270784,0.011481639515217707,0.49025069637883006,0.007313334648061801,3996.6044568245125,0.05694094203459522
AnalystRevision,full,baseline_missing_only,retvol,False,359,-0.004752879994942314,-0.09782778701441612,0.9220690423620894,0.49303621169916434,0.8617643397746102,3996.6044568245125,0.05694094203459522
AnalystRevision,full,baseline_missing_only,std_dolvol,False,359,-0.0033777960413036447,-2.2352026887582745,0.025404045057405754,0.4623955431754875,0.03404515950049253,3996.6044568245125,0.05694094203459522
AnalystRevision,full,baseline_missing_only,std_turn,False,359,0.00013026930565637296,2.520378229242834,0.011722879199468468,0.5571030640668524,0.0009438786248872188,3996.6044568245125,0.05694094203459522
AnalystRevision,full,baseline_missing_only,turn,False,359,-0.0011682242955395744,-3.447505976460091,0.0005657878892838183,0.3983286908077994,0.007259593359541788,3996.6044568245125,0.05694094203459522
AnalystRevision,full,mar_signal_only,age,False,359,1.9593163126122545e-05,0.6226666553967884,0.533503599168809,0.5348189415041783,0.0005578453770351581,3996.6044568245125,0.05667898919092397
AnalystRevision,full,mar_signal_only,baspread,False,359,-0.06031068389306381,-1.2099184817209137,0.22631017464994096,0.40668523676880225,0.7629006921715752,3996.6044568245125,0.05667898919092397
AnalystRevision,full,mar_signal_only,beta,False,359,0.0009450961170480394,0.6191426533006336,0.5358223864778573,0.5097493036211699,0.02682871233932878,3996.6044568245125,0.05667898919092397
AnalystRevision,full,mar_signal_only,bm,False,359,0.0008223284152662027,0.722808132751346,0.46979777010415613,0.5236768802228412,0.01637894267674207,3996.6044568245125,0.05667898919092397
AnalystRevision,full,mar_signal_only,const,False,359,0.02722137560108131,4.582044528848548,4.6045181275734234e-06,0.5766016713091922,0.10608240544856733,3996.6044568245125,0.05667898919092397
AnalystRevision,full,mar_signal_only,idiovol,False,359,0.027885264468097786,1.1545533903851233,0.24827336293257962,0.520891364902507,0.42728722155591664,3996.6044568245125,0.05667898919092397
AnalystRevision,full,mar_signal_only,ill,False,359,861.9361272855178,1.7492247034121409,0.08025218553204179,0.5988857938718662,10971.722911134246,3996.6044568245125,0.05667898919092397
AnalystRevision,full,mar_signal_only,maxret,False,359,-0.03267479092382587,-2.8133812583243967,0.004902348811587945,0.4373259052924791,0.22555021860280017,3996.6044568245125,0.05667898919092397
AnalystRevision,full,mar_signal_only,mom1m,False,359,0.011452568288132767,2.7579258767510337,0.005816938638466244,0.5988857938718662,0.07507520051129386,3996.6044568245125,0.05667898919092397
AnalystRevision,full,mar_signal_only,mve,False,359,-0.0010580529337583377,-2.7207989748878423,0.006512435152751388,0.479108635097493,0.007094306950858191,3996.6044568245125,0.05667898919092397
AnalystRevision,full,mar_signal_only,retvol,False,359,-0.006795513605227976,-0.14028646539517448,0.8884336576237633,0.49025069637883006,0.8622611688877457,3996.6044568245125,0.05667898919092397
AnalystRevision,full,mar_signal_only,std_dolvol,False,359,-0.003491753108782334,-2.338129738049786,0.019380518970078232,0.46518105849582175,0.03452959383545662,3996.6044568245125,0.05667898919092397
AnalystRevision,full,mar_signal_only,std_turn,False,359,0.00013355689400813665,2.5998452602652318,0.009326580543260512,0.5543175487465181,0.0009398742857435583,3996.6044568245125,0.05667898919092397
AnalystRevision,full,mar_signal_only,turn,False,359,-0.0011816501902855163,-3.4898558088181177,0.00048328123026816755,0.3983286908077994,0.0072739491763991635,3996.6044568245125,0.05667898919092397
AnalystRevision,full,mar_signal_only,x_mar_filled,True,359,-0.00022621125530162308,-0.801969776073152,0.4225704416600451,0.49025069637883006,0.004917356273304768,3996.6044568245125,0.05667898919092397
AnalystRevision,full,missing_plus_mar_signal,age,False,359,1.6703736096314333e-05,0.5275642404064589,0.5978018181228446,0.5236768802228412,0.0005636833771322906,3996.6044568245125,0.05738105617167909
AnalystRevision,full,missing_plus_mar_signal,baspread,False,359,-0.061709740972679936,-1.2462750495640564,0.21266343455741965,0.403899721448468,0.7603485753644791,3996.6044568245125,0.05738105617167909
AnalystRevision,full,missing_plus_mar_signal,beta,False,359,0.0009784149446943203,0.6465538691739432,0.5179207221847248,0.520891364902507,0.02662122443621115,3996.6044568245125,0.05738105617167909
AnalystRevision,full,missing_plus_mar_signal,bm,False,359,0.0007989917637230132,0.7015961696215063,0.4829310410595501,0.5292479108635098,0.016361764894090573,3996.6044568245125,0.05738105617167909
AnalystRevision,full,missing_plus_mar_signal,const,False,359,0.026834469771935984,4.3690164432446315,1.248073700228138e-05,0.5793871866295265,0.10937038012648938,3996.6044568245125,0.05738105617167909
AnalystRevision,full,missing_plus_mar_signal,idiovol,False,359,0.026052798701234003,1.0939335402692534,0.27398412728681854,0.532033426183844,0.4260303700905178,3996.6044568245125,0.05738105617167909
AnalystRevision,full,missing_plus_mar_signal,ill,False,359,902.1591760030607,1.7943607902083407,0.07275560101631869,0.6016713091922006,10741.39092078222,3996.6044568245125,0.05738105617167909
AnalystRevision,full,missing_plus_mar_signal,maxret,False,359,-0.03297438214363556,-2.8364424763181826,0.004561919536942182,0.4401114206128134,0.22562766108871302,3996.6044568245125,0.05738105617167909
AnalystRevision,full,missing_plus_mar_signal,missing_indicator,True,359,-1.3252181608827966e-06,-0.0016595433747775468,0.9986758765710736,0.520891364902507,0.014014023426217364,3996.6044568245125,0.05738105617167909
AnalystRevision,full,missing_plus_mar_signal,mom1m,False,359,0.011457698506137318,2.77538514699418,0.005513636994679916,0.596100278551532,0.07488302369445761,3996.6044568245125,0.05738105617167909
AnalystRevision,full,missing_plus_mar_signal,mve,False,359,-0.0010275414924212451,-2.5381405364970826,0.011144322239508824,0.48746518105849584,0.0073150033025090625,3996.6044568245125,0.05738105617167909
AnalystRevision,full,missing_plus_mar_signal,retvol,False,359,-0.004973470299799686,-0.10281446229847908,0.9181102268413496,0.4958217270194986,0.862474636444545,3996.6044568245125,0.05738105617167909
AnalystRevision,full,missing_plus_mar_signal,std_dolvol,False,359,-0.003369221353176695,-2.237896662532656,0.02522779473800891,0.46518105849582175,0.03400362491487074,3996.6044568245125,0.05738105617167909
AnalystRevision,full,missing_plus_mar_signal,std_turn,False,359,0.00013017263629000266,2.5282939517533123,0.011461834259567408,0.5487465181058496,0.0009434107884789576,3996.6044568245125,0.05738105617167909
AnalystRevision,full,missing_plus_mar_signal,turn,False,359,-0.0011611879652931216,-3.426288937578492,0.0006118891008661563,0.3983286908077994,0.007258699254332328,3996.6044568245125,0.05738105617167909
AnalystRevision,full,missing_plus_mar_signal,x_mar_filled,True,359,-0.00021791837556764068,-0.776730128623265,0.43731800745581284,0.49303621169916434,0.004897441044857772,3996.6044568245125,0.05738105617167909
AnalystRevision,within_signal_coverage,baseline_missing_only,age,False,359,1.7133996931884843e-05,0.5406769017685848,0.5887303019434968,0.532033426183844,0.000564569763588387,3980.5710306406686,0.05706708120203739
AnalystRevision,within_signal_coverage,baseline_missing_only,baspread,False,359,-0.05932311021823282,-1.1921200214576797,0.23321418751588696,0.3983286908077994,0.7650251650677581,3980.5710306406686,0.05706708120203739
AnalystRevision,within_signal_coverage,baseline_missing_only,beta,False,359,0.0009012249967147799,0.5945720877137487,0.5521295424502535,0.5153203342618384,0.026660810079549704,3980.5710306406686,0.05706708120203739
AnalystRevision,within_signal_coverage,baseline_missing_only,bm,False,359,0.0007623791157245307,0.6702772564236311,0.5026810627698108,0.5181058495821727,0.016341487126310502,3980.5710306406686,0.05706708120203739
AnalystRevision,within_signal_coverage,baseline_missing_only,const,False,359,0.026794254823735333,4.303773950134351,1.679129912214707e-05,0.5766016713091922,0.10945612427992435,3980.5710306406686,0.05706708120203739
AnalystRevision,within_signal_coverage,baseline_missing_only,idiovol,False,359,0.02663385418128886,1.1107774739130805,0.26666414484051726,0.520891364902507,0.4289769772638984,3980.5710306406686,0.05706708120203739
AnalystRevision,within_signal_coverage,baseline_missing_only,ill,False,359,942.6088963787961,1.7857957304380647,0.07413233829159661,0.5877437325905293,11024.077038479012,3980.5710306406686,0.05706708120203739
AnalystRevision,within_signal_coverage,baseline_missing_only,maxret,False,359,-0.031536605981326495,-2.6550053813239476,0.007930714335701708,0.4456824512534819,0.2261385070449387,3980.5710306406686,0.05706708120203739
AnalystRevision,within_signal_coverage,baseline_missing_only,missing_indicator,True,359,0.00015895198038871685,0.1994701623976883,0.8418949813052526,0.5236768802228412,0.013996290829742521,3980.5710306406686,0.05706708120203739
AnalystRevision,within_signal_coverage,baseline_missing_only,mom1m,False,359,0.011345718257912935,2.743348062557683,0.00608161849119437,0.6044568245125348,0.07486789770944531,3980.5710306406686,0.05706708120203739
AnalystRevision,within_signal_coverage,baseline_missing_only,mve,False,359,-0.0010345107483148226,-2.5312332590450604,0.011366223261206253,0.49025069637883006,0.007312538022856748,3980.5710306406686,0.05706708120203739
AnalystRevision,within_signal_coverage,baseline_missing_only,retvol,False,359,-0.009655282816088365,-0.19532017214748365,0.8451423060976556,0.49303621169916434,0.8666426324506099,3980.5710306406686,0.05706708120203739
AnalystRevision,within_signal_coverage,baseline_missing_only,std_dolvol,False,359,-0.003511306281895139,-2.299137103643955,0.021497155176349054,0.46518105849582175,0.03416943557540999,3980.5710306406686,0.05706708120203739
AnalystRevision,within_signal_coverage,baseline_missing_only,std_turn,False,359,0.0001300600406779842,2.558409455876585,0.010515219939455138,0.5487465181058496,0.0009417859932616363,3980.5710306406686,0.05706708120203739
AnalystRevision,within_signal_coverage,baseline_missing_only,turn,False,359,-0.0011467867881118207,-3.355515211114146,0.0007921729991826649,0.3983286908077994,0.007298139893077641,3980.5710306406686,0.05706708120203739
AnalystRevision,within_signal_coverage,mar_signal_only,age,False,359,2.053388891226976e-05,0.6527061583861227,0.5139457315160738,0.5376044568245125,0.0005588503258091799,3980.5710306406686,0.05680731026131859
AnalystRevision,within_signal_coverage,mar_signal_only,baspread,False,359,-0.058782807355394096,-1.17398152738714,0.24040242481748963,0.40668523676880225,0.7668577081019817,3980.5710306406686,0.05680731026131859
AnalystRevision,within_signal_coverage,mar_signal_only,beta,False,359,0.0008681242382020202,0.5664958997011701,0.5710567195040519,0.5069637883008357,0.026877754934425336,3980.5710306406686,0.05680731026131859
AnalystRevision,within_signal_coverage,mar_signal_only,bm,False,359,0.0007980221306836457,0.7026779329764345,0.48225648274496546,0.5264623955431755,0.0163446870407904,3980.5710306406686,0.05680731026131859
AnalystRevision,within_signal_coverage,mar_signal_only,const,False,359,0.02753663624960006,4.5803525642042855,4.641927523214711e-06,0.5821727019498607,0.10648444498688411,3980.5710306406686,0.05680731026131859
AnalystRevision,within_signal_coverage,mar_signal_only,idiovol,False,359,0.029321127665278612,1.2068906592458866,0.2274742554074869,0.5181058495821727,0.4308715097718267,3980.5710306406686,0.05680731026131859
AnalystRevision,within_signal_coverage,mar_signal_only,ill,False,359,903.3634332484769,1.7331686459555056,0.08306569811221841,0.5905292479108635,11246.041756502695,3980.5710306406686,0.05680731026131859
AnalystRevision,within_signal_coverage,mar_signal_only,maxret,False,359,-0.03127421839450338,-2.64918414622269,0.008068635408235218,0.4428969359331476,0.22594328115387766,3980.5710306406686,0.05680731026131859
AnalystRevision,within_signal_coverage,mar_signal_only,mom1m,False,359,0.011288191446160896,2.7102499686395416,0.006723251753233744,0.5988857938718662,0.0750535444172138,3980.5710306406686,0.05680731026131859
AnalystRevision,within_signal_coverage,mar_signal_only,mve,False,359,-0.0010764677149174206,-2.7425803326133202,0.006095853730751366,0.48467966573816157,0.0071068239644110276,3980.5710306406686,0.05680731026131859
AnalystRevision,within_signal_coverage,mar_signal_only,retvol,False,359,-0.011745620539080234,-0.23822745990457606,0.8117046801944743,0.49303621169916434,0.8669342146950048,3980.5710306406686,0.05680731026131859
AnalystRevision,within_signal_coverage,mar_signal_only,std_dolvol,False,359,-0.003587670740241523,-2.3741464360986533,0.01758957302105393,0.4623955431754875,0.03462277416239819,3980.5710306406686,0.05680731026131859
AnalystRevision,within_signal_coverage,mar_signal_only,std_turn,False,359,0.00013280930457181144,2.6340739543013756,0.008436710972707812,0.5376044568245125,0.0009372631853894725,3980.5710306406686,0.05680731026131859
AnalystRevision,within_signal_coverage,mar_signal_only,turn,False,359,-0.0011604149094502742,-3.3988199769262515,0.0006767724663387483,0.4011142061281337,0.00731294372167203,3980.5710306406686,0.05680731026131859
AnalystRevision,within_signal_coverage,mar_signal_only,x_mar_filled,True,359,-0.00022612013236633817,-0.8017029968477033,0.4227247818661378,0.49025069637883006,0.004917136774951336,3980.5710306406686,0.05680731026131859
AnalystRevision,within_signal_coverage,missing_plus_mar_signal,age,False,359,1.7165213608367576e-05,0.5421384836046743,0.5877231094627936,0.532033426183844,0.0005645901857937823,3980.5710306406686,0.05751092552107007
AnalystRevision,within_signal_coverage,missing_plus_mar_signal,baspread,False,359,-0.06025335594630048,-1.2121440977675582,0.22545722596916873,0.4011142061281337,0.7639815511983753,3980.5710306406686,0.05751092552107007
AnalystRevision,within_signal_coverage,missing_plus_mar_signal,beta,False,359,0.0009101173661185827,0.5995131947409843,0.5488307138505979,0.5181058495821727,0.02667192391493087,3980.5710306406686,0.05751092552107007
AnalystRevision,within_signal_coverage,missing_plus_mar_signal,bm,False,359,0.0007733084982627203,0.680127589460255,0.49642367657543807,0.520891364902507,0.01632858094457879,3980.5710306406686,0.05751092552107007
AnalystRevision,within_signal_coverage,missing_plus_mar_signal,const,False,359,0.027057664952526247,4.355379086056672,1.328368272319147e-05,0.5793871866295265,0.10958972433545836,3980.5710306406686,0.05751092552107007
AnalystRevision,within_signal_coverage,missing_plus_mar_signal,idiovol,False,359,0.027192928285386497,1.1358060825160674,0.2560377308771633,0.5181058495821727,0.4293581776303985,3980.5710306406686,0.05751092552107007
AnalystRevision,within_signal_coverage,missing_plus_mar_signal,ill,False,359,944.9358116277601,1.7945552360233403,0.07272459062325051,0.5933147632311978,10997.033205003412,3980.5710306406686,0.05751092552107007
AnalystRevision,within_signal_coverage,missing_plus_mar_signal,maxret,False,359,-0.031553747430347084,-2.6703952993569864,0.007576199535084738,0.4456824512534819,0.22609844621405642,3980.5710306406686,0.05751092552107007
AnalystRevision,within_signal_coverage,missing_plus_mar_signal,missing_indicator,True,359,0.00014684928601837565,0.1839814161004353,0.8540280338610298,0.520891364902507,0.013967293913910734,3980.5710306406686,0.05751092552107007
AnalystRevision,within_signal_coverage,missing_plus_mar_signal,mom1m,False,359,0.011279672405464474,2.7238238769925247,0.006453090895865442,0.6016713091922006,0.07487346236168631,3980.5710306406686,0.05751092552107007
AnalystRevision,within_signal_coverage,missing_plus_mar_signal,mve,False,359,-0.001038300509662706,-2.541540173110042,0.011036526235991866,0.48746518105849584,0.00731415367529255,3980.5710306406686,0.05751092552107007
AnalystRevision,within_signal_coverage,missing_plus_mar_signal,retvol,False,359,-0.009891339933884608,-0.20099574204443704,0.8407019034861342,0.4958217270194986,0.8671926902466207,3980.5710306406686,0.05751092552107007
AnalystRevision,within_signal_coverage,missing_plus_mar_signal,std_dolvol,False,359,-0.0035026637032184653,-2.3023413310097225,0.021315930733332936,0.46518105849582175,0.03412584779498448,3980.5710306406686,0.05751092552107007
AnalystRevision,within_signal_coverage,missing_plus_mar_signal,std_turn,False,359,0.000129964409039259,2.567065239724006,0.010256331379013888,0.5459610027855153,0.0009413068293246075,3980.5710306406686,0.05751092552107007
AnalystRevision,within_signal_coverage,missing_plus_mar_signal,turn,False,359,-0.0011398113243712203,-3.3349200766981033,0.0008532391873209738,0.3955431754874652,0.007297001309743866,3980.5710306406686,0.05751092552107007
AnalystRevision,within_signal_coverage,missing_plus_mar_signal,x_mar_filled,True,359,-0.00021765626761273806,-0.7758502766769275,0.4378373943392915,0.49303621169916434,0.004896214510339986,3980.5710306406686,0.05751092552107007
AnalystRevision,outside_signal_coverage,mar_signal_only,age,False,90,-0.008804484395463365,-2.5320944390479645,0.011338344882338812,0.4444444444444444,0.04769792025523854,32.36666666666667,0.5272725729196922
AnalystRevision,outside_signal_coverage,mar_signal_only,baspread,False,90,-3.9285033902917412,-3.108075621894152,0.0018830987694361024,0.34444444444444444,16.757500965167633,32.36666666666667,0.5272725729196922
AnalystRevision,outside_signal_coverage,mar_signal_only,beta,False,90,-0.24282305288622233,-2.5842391102402282,0.00975941082058779,0.45555555555555555,1.165357468452627,32.36666666666667,0.5272725729196922
AnalystRevision,outside_signal_coverage,mar_signal_only,bm,False,90,-0.18073123030864519,-2.747814537574796,0.005999393397285591,0.3888888888888889,0.9638832312155862,32.36666666666667,0.5272725729196922
AnalystRevision,outside_signal_coverage,mar_signal_only,const,False,90,15.324844057411434,2.799628540588308,0.005116144257891267,0.5888888888888889,75.67961708545165,32.36666666666667,0.5272725729196922
AnalystRevision,outside_signal_coverage,mar_signal_only,idiovol,False,90,12.198204386351147,3.0200631119315258,0.002527220183078564,0.5333333333333333,48.97757366792274,32.36666666666667,0.5272725729196922
AnalystRevision,outside_signal_coverage,mar_signal_only,ill,False,90,0.8626092107277582,2.154990646863883,0.031162566140084967,0.5777777777777777,3.9574234176463285,32.36666666666667,0.5272725729196922
AnalystRevision,outside_signal_coverage,mar_signal_only,maxret,False,90,1.3229475779528357,2.0854585635941856,0.03702769566951311,0.5222222222222223,8.810430747971322,32.36666666666667,0.5272725729196922
AnalystRevision,outside_signal_coverage,mar_signal_only,mom1m,False,90,-0.1607737049690447,-0.8799631862849252,0.37887925289462465,0.4888888888888889,1.5585469551987061,32.36666666666667,0.5272725729196922
AnalystRevision,outside_signal_coverage,mar_signal_only,mve,False,90,0.14536145414269203,3.024152783350952,0.002493304891220834,0.5777777777777777,0.662761896576339,32.36666666666667,0.5272725729196922
AnalystRevision,outside_signal_coverage,mar_signal_only,retvol,False,90,-16.345358258323632,-2.6495494841480305,0.008059916803931044,0.4444444444444444,82.50652472099375,32.36666666666667,0.5272725729196922
AnalystRevision,outside_signal_coverage,mar_signal_only,std_dolvol,False,90,0.40985831699206554,3.036491746403414,0.002393486614064133,0.6,1.8737981748989976,32.36666666666667,0.5272725729196922
AnalystRevision,outside_signal_coverage,mar_signal_only,std_turn,False,90,0.014151859065963217,2.2072961852601374,0.02729337364623959,0.5666666666666667,0.1065850483045359,32.36666666666667,0.5272725729196922
AnalystRevision,outside_signal_coverage,mar_signal_only,turn,False,90,0.03733970317947376,0.9579880122115362,0.3380688034950359,0.5444444444444444,0.3459086948391789,32.36666666666667,0.5272725729196922
AnalystRevision,outside_signal_coverage,mar_signal_only,x_mar_filled,True,90,-17.30742114940617,-2.8391034880953065,0.00452404819503761,0.4222222222222222,84.20279508798244,32.36666666666667,0.5272725729196922
REV6,full,baseline_missing_only,age,False,359,1.8487761456520986e-05,0.5682719176631993,0.5698503444179756,0.5181058495821727,0.0005744942012511596,4007.713091922006,0.05706035379209401
REV6,full,baseline_missing_only,baspread,False,359,-0.05685817511957157,-1.1259989802555395,0.2601659509587405,0.403899721448468,0.7601527593624752,4007.713091922006,0.05706035379209401
REV6,full,baseline_missing_only,beta,False,359,0.00048298232459652866,0.31789656474702477,0.7505633984779853,0.5069637883008357,0.026430288763361676,4007.713091922006,0.05706035379209401
REV6,full,baseline_missing_only,bm,False,359,0.0010818955914931121,0.937368274708025,0.34856915421391177,0.532033426183844,0.01637289336732626,4007.713091922006,0.05706035379209401
REV6,full,baseline_missing_only,const,False,359,0.02748936018610848,4.399035470432203,1.0873305554031256e-05,0.5766016713091922,0.10927255710678573,4007.713091922006,0.05706035379209401
REV6,full,baseline_missing_only,idiovol,False,359,0.0303407194824173,1.2831645685252673,0.19943442634355468,0.532033426183844,0.4210438223983829,4007.713091922006,0.05706035379209401
REV6,full,baseline_missing_only,ill,False,359,875.9471665926623,1.786660179949269,0.07399242869677967,0.6211699164345403,10706.621667327074,4007.713091922006,0.05706035379209401
REV6,full,baseline_missing_only,maxret,False,359,-0.034577403107275084,-2.936594919618935,0.0033183724972346202,0.43175487465181056,0.2269738453293288,4007.713091922006,0.05706035379209401
REV6,full,baseline_missing_only,missing_indicator,True,359,0.00021410809795977882,0.25428047630618794,0.7992788818578416,0.5348189415041783,0.01531876374382606,4007.713091922006,0.05706035379209401
REV6,full,baseline_missing_only,mom1m,False,359,0.011372258409509515,2.7393001809624207,0.006157012897495517,0.5877437325905293,0.0748017445642466,4007.713091922006,0.05706035379209401
REV6,full,baseline_missing_only,mve,False,359,-0.0010660658870239746,-2.603669573837433,0.009223162897139129,0.479108635097493,0.007290150720714753,4007.713091922006,0.05706035379209401
REV6,full,baseline_missing_only,retvol,False,359,-0.004816710336934587,-0.09961430728810643,0.9206505347525061,0.4986072423398329,0.85739034694709,4007.713091922006,0.05706035379209401
REV6,full,baseline_missing_only,std_dolvol,False,359,-0.0038160730305113787,-2.409272579168399,0.015984354696518564,0.467966573816156,0.03330809924154772,4007.713091922006,0.05706035379209401
REV6,full,baseline_missing_only,std_turn,False,359,0.00014243487789967048,2.757830450896528,0.005818636912090511,0.5766016713091922,0.0009423280439734465,4007.713091922006,0.05706035379209401
REV6,full,baseline_missing_only,turn,False,359,-0.0012617262123000997,-3.7163854351527514,0.00020209321367909116,0.3983286908077994,0.0073918658768695085,4007.713091922006,0.05706035379209401
REV6,full,mar_signal_only,age,False,359,2.3348715166321814e-05,0.7284950514583928,0.46631059680002396,0.5236768802228412,0.0005670763094894465,4007.713091922006,0.05757458211824447
REV6,full,mar_signal_only,baspread,False,359,-0.05218782978424402,-1.0270262615528178,0.3044080982566192,0.41225626740947074,0.7625943455972953,4007.713091922006,0.05757458211824447
REV6,full,mar_signal_only,beta,False,359,0.0004351155525039659,0.2850542850879893,0.7756025528306545,0.4958217270194986,0.026679873671652563,4007.713091922006,0.05757458211824447
REV6,full,mar_signal_only,bm,False,359,0.0012148854834270737,1.0450635332939047,0.2959936067677855,0.5376044568245125,0.016384018254281027,4007.713091922006,0.05757458211824447
REV6,full,mar_signal_only,const,False,359,0.02846316652799511,4.808626871750484,1.51970565022475e-06,0.5905292479108635,0.10542024457449513,4007.713091922006,0.05757458211824447
REV6,full,mar_signal_only,idiovol,False,359,0.027148425494317455,1.1253609784810985,0.2604360995129601,0.520891364902507,0.4255111158598261,4007.713091922006,0.05757458211824447
REV6,full,mar_signal_only,ill,False,359,879.2393639822635,1.7478864382434556,0.08048369364374765,0.6128133704735376,10845.652318378086,4007.713091922006,0.05757458211824447
REV6,full,mar_signal_only,maxret,False,359,-0.03368063549680046,-2.870979779795163,0.0040920169905143975,0.4428969359331476,0.22677622447218043,4007.713091922006,0.05757458211824447
REV6,full,mar_signal_only,mom1m,False,359,0.010650718202297462,2.558275234896741,0.010519279758565031,0.596100278551532,0.07462096545648536,4007.713091922006,0.05757458211824447
REV6,full,mar_signal_only,mve,False,359,-0.001147382032485799,-2.9761518174519788,0.002918903238112766,0.4818941504178273,0.007065347025153355,4007.713091922006,0.05757458211824447
REV6,full,mar_signal_only,retvol,False,359,0.0016326588211539985,0.03381022464621906,0.9730284825196434,0.49303621169916434,0.8607537559657799,4007.713091922006,0.05757458211824447
REV6,full,mar_signal_only,std_dolvol,False,359,-0.003925372074692252,-2.519347654488782,0.011757250646805117,0.4596100278551532,0.033594630900408054,4007.713091922006,0.05757458211824447
REV6,full,mar_signal_only,std_turn,False,359,0.0001211600819597023,2.393505373258176,0.016688236888393132,0.5571030640668524,0.0009278853623126786,4007.713091922006,0.05757458211824447
REV6,full,mar_signal_only,turn,False,359,-0.0011929175679782041,-3.4764680834556487,0.0005080646967968175,0.403899721448468,0.00744459803547476,4007.713091922006,0.05757458211824447
REV6,full,mar_signal_only,x_mar_filled,True,359,0.0127620548971605,4.032028315322029,5.5297522635680396e-05,0.6323119777158774,0.04931864946088492,4007.713091922006,0.05757458211824447
REV6,full,missing_plus_mar_signal,age,False,359,1.9431868603184507e-05,0.598370477584494,0.549592760007295,0.5181058495821727,0.0005750380975846403,4007.713091922006,0.05833260482360407
REV6,full,missing_plus_mar_signal,baspread,False,359,-0.05262302961160123,-1.042015848934326,0.2974043310025778,0.415041782729805,0.7597540922234218,4007.713091922006,0.05833260482360407
REV6,full,missing_plus_mar_signal,beta,False,359,0.0004779490632920328,0.314120513907465,0.7534295096716743,0.5041782729805014,0.02637820604571933,4007.713091922006,0.05833260482360407
REV6,full,missing_plus_mar_signal,bm,False,359,0.0011860933334202125,1.020288313269823,0.307591744274175,0.5459610027855153,0.016371812138333015,4007.713091922006,0.05833260482360407
REV6,full,missing_plus_mar_signal,const,False,359,0.027954238723068684,4.483497335623403,7.34295199548416e-06,0.5821727019498607,0.10927747511454307,4007.713091922006,0.05833260482360407
REV6,full,missing_plus_mar_signal,idiovol,False,359,0.02519407602405983,1.0627016712609945,0.2879172627290404,0.5236768802228412,0.4214446569756656,4007.713091922006,0.05833260482360407
REV6,full,missing_plus_mar_signal,ill,False,359,881.8594784358548,1.7892083365865747,0.0735812695840664,0.6128133704735376,10720.23056782547,4007.713091922006,0.05833260482360407
REV6,full,missing_plus_mar_signal,maxret,False,359,-0.03390727419915455,-2.8878738935266592,0.0038785533667407912,0.4428969359331476,0.22671329620822617,4007.713091922006,0.05833260482360407
REV6,full,missing_plus_mar_signal,missing_indicator,True,359,0.0002617561685031762,0.31254070350284746,0.7546296342433771,0.5376044568245125,0.015251945052530412,4007.713091922006,0.05833260482360407
REV6,full,missing_plus_mar_signal,mom1m,False,359,0.01067679766637487,2.58332880776619,0.009785201573237885,0.596100278551532,0.07424859824362033,4007.713091922006,0.05833260482360407
REV6,full,missing_plus_mar_signal,mve,False,359,-0.0011079634012362686,-2.7214895130099355,0.006498844707957231,0.48746518105849584,0.0072799760109914955,4007.713091922006,0.05833260482360407
REV6,full,missing_plus_mar_signal,retvol,False,359,0.0017144146304760959,0.03568162798221977,0.9715362199692827,0.49303621169916434,0.8586907901521692,4007.713091922006,0.05833260482360407
REV6,full,missing_plus_mar_signal,std_dolvol,False,359,-0.003836643791023797,-2.4478236783452054,0.01437219693472316,0.467966573816156,0.03320038126114548,4007.713091922006,0.05833260482360407
REV6,full,missing_plus_mar_signal,std_turn,False,359,0.00011862881218411325,2.326014923860389,0.02001775454585881,0.5571030640668524,0.0009300985017697014,4007.713091922006,0.05833260482360407
REV6,full,missing_plus_mar_signal,turn,False,359,-0.001165005878184743,-3.39064678320562,0.0006972790420033938,0.403899721448468,0.007432811123973363,4007.713091922006,0.05833260482360407
REV6,full,missing_plus_mar_signal,x_mar_filled,True,359,0.012818551321087257,4.030941734970538,5.5553815213525e-05,0.6350974930362117,0.04979436099424855,4007.713091922006,0.05833260482360407
REV6,within_signal_coverage,baseline_missing_only,age,False,359,1.3892982720940653e-05,0.4346706664160928,0.6638014932624878,0.5153203342618384,0.0005757524031357615,3940.6323119777157,0.05740348761358955
REV6,within_signal_coverage,baseline_missing_only,baspread,False,359,-0.05539452934986122,-1.0922908892911316,0.27470526359810077,0.415041782729805,0.7688803539323887,3940.6323119777157,0.05740348761358955
REV6,within_signal_coverage,baseline_missing_only,beta,False,359,0.00046343267431453347,0.3029790648968999,0.7619058159975876,0.4958217270194986,0.026479689386162707,3940.6323119777157,0.05740348761358955
REV6,within_signal_coverage,baseline_missing_only,bm,False,359,0.0009589752604743334,0.8266362325567884,0.40844327441980366,0.5181058495821727,0.016476970610185437,3940.6323119777157,0.05740348761358955
REV6,within_signal_coverage,baseline_missing_only,const,False,359,0.026467736404588247,4.175929554416487,2.967716579888675e-05,0.5710306406685237,0.109473326476251,3940.6323119777157,0.05740348761358955
REV6,within_signal_coverage,baseline_missing_only,idiovol,False,359,0.03421180764834885,1.4281413884157508,0.15325116672447467,0.5376044568245125,0.4265097745414322,3940.6323119777157,0.05740348761358955
REV6,within_signal_coverage,baseline_missing_only,ill,False,359,1059.0507077906468,1.8554041466530837,0.06353853569662132,0.6128133704735376,11112.062621198702,3940.6323119777157,0.05740348761358955
REV6,within_signal_coverage,baseline_missing_only,maxret,False,359,-0.03629320659200729,-3.1083164010923507,0.0018815651236481345,0.4178272980501393,0.2254596474613405,3940.6323119777157,0.05740348761358955
REV6,within_signal_coverage,baseline_missing_only,missing_indicator,True,359,0.0008225160129047523,0.9943708341674083,0.3200423619415381,0.5654596100278552,0.015075797975026397,3940.6323119777157,0.05740348761358955
REV6,within_signal_coverage,baseline_missing_only,mom1m,False,359,0.011812363201853254,2.8295138404311326,0.004661878357700737,0.6016713091922006,0.07477459468524321,3940.6323119777157,0.05740348761358955
REV6,within_signal_coverage,baseline_missing_only,mve,False,359,-0.000998974480992184,-2.4303139878767706,0.015085747446558773,0.48467966573816157,0.0072874159273331246,3940.6323119777157,0.05740348761358955
REV6,within_signal_coverage,baseline_missing_only,retvol,False,359,-0.002031139643602584,-0.04163871405164518,0.966786710640399,0.5041782729805014,0.8681429477698701,3940.6323119777157,0.05740348761358955
REV6,within_signal_coverage,baseline_missing_only,std_dolvol,False,359,-0.0037566788820175313,-2.3309584672140713,0.019755549809391617,0.46518105849582175,0.033405196923047296,3940.6323119777157,0.05740348761358955
REV6,within_signal_coverage,baseline_missing_only,std_turn,False,359,0.0001453767246196676,2.738789229065825,0.006166589292530435,0.5654596100278552,0.0009510335191248179,3940.6323119777157,0.05740348761358955
REV6,within_signal_coverage,baseline_missing_only,turn,False,359,-0.0012834553938179066,-3.7704302775347602,0.00016296632850747652,0.403899721448468,0.007403032176925036,3940.6323119777157,0.05740348761358955
REV6,within_signal_coverage,mar_signal_only,age,False,359,2.2718375450406694e-05,0.7196165425351988,0.47176112387522706,0.5292479108635098,0.0005691434323527573,3940.6323119777157,0.057954931494918364
REV6,within_signal_coverage,mar_signal_only,baspread,False,359,-0.050737870372683014,-0.9937624415016161,0.3203385352878513,0.40947075208913647,0.7710158015684432,3940.6323119777157,0.057954931494918364
REV6,within_signal_coverage,mar_signal_only,beta,False,359,0.00036390949920336494,0.23706166869147666,0.8126089487697485,0.4958217270194986,0.026697730111893518,3940.6323119777157,0.057954931494918364
REV6,within_signal_coverage,mar_signal_only,bm,False,359,0.0011070739975983911,0.9490901339817991,0.3425747718230501,0.520891364902507,0.01647481465126652,3940.6323119777157,0.057954931494918364
REV6,within_signal_coverage,mar_signal_only,const,False,359,0.027905811504554345,4.618864035247797,3.8584657266925875e-06,0.584958217270195,0.10619959849879049,3940.6323119777157,0.057954931494918364
REV6,within_signal_coverage,mar_signal_only,idiovol,False,359,0.03236848240179944,1.326080030304847,0.18481319000713425,0.532033426183844,0.43108128541918467,3940.6323119777157,0.057954931494918364
REV6,within_signal_coverage,mar_signal_only,ill,False,359,1065.2557797339257,1.822403564968198,0.06839377406479304,0.6072423398328691,11210.778464493835,3940.6323119777157,0.057954931494918364
REV6,within_signal_coverage,mar_signal_only,maxret,False,359,-0.035410925102711696,-3.044545509186041,0.0023303217085563874,0.4233983286908078,0.2253114499437042,3940.6323119777157,0.057954931494918364
REV6,within_signal_coverage,mar_signal_only,mom1m,False,359,0.011136798216977821,2.6602531141384524,0.007808194809781357,0.6044568245125348,0.07456904158317115,3940.6323119777157,0.057954931494918364
REV6,within_signal_coverage,mar_signal_only,mve,False,359,-0.0011192280833925289,-2.874874805865587,0.004041877282499759,0.479108635097493,0.007097883324516941,3940.6323119777157,0.057954931494918364
REV6,within_signal_coverage,mar_signal_only,retvol,False,359,0.00454724523845754,0.09318747839478722,0.9257546218946783,0.5013927576601671,0.8723765426348614,3940.6323119777157,0.057954931494918364
REV6,within_signal_coverage,mar_signal_only,std_dolvol,False,359,-0.0037306363384002595,-2.3500131427880513,0.018772748204474943,0.4623955431754875,0.033589739413399426,3940.6323119777157,0.057954931494918364
REV6,within_signal_coverage,mar_signal_only,std_turn,False,359,0.00012143049440092663,2.3386477582439973,0.019353670953304643,0.5403899721448467,0.0009372943421386093,3940.6323119777157,0.057954931494918364
REV6,within_signal_coverage,mar_signal_only,turn,False,359,-0.001215422261550123,-3.533101077231424,0.00041071541197077415,0.403899721448468,0.007458349614788513,3940.6323119777157,0.057954931494918364
REV6,within_signal_coverage,mar_signal_only,x_mar_filled,True,359,0.012829167645971973,4.003834999371617,6.23238414687617e-05,0.6350974930362117,0.04941561849784593,3940.6323119777157,0.057954931494918364
REV6,within_signal_coverage,missing_plus_mar_signal,age,False,359,1.4694066150556756e-05,0.4605765411198271,0.6451024453738965,0.520891364902507,0.0005762731017524011,3940.6323119777157,0.05871194375163347
REV6,within_signal_coverage,missing_plus_mar_signal,baspread,False,359,-0.05121686623554266,-1.0095901776543557,0.3126916774641504,0.41225626740947074,0.768397404094607,3940.6323119777157,0.05871194375163347
REV6,within_signal_coverage,missing_plus_mar_signal,beta,False,359,0.00045822778250723193,0.2991664925974436,0.7648130141789451,0.49303621169916434,0.026425732792287097,3940.6323119777157,0.05871194375163347
REV6,within_signal_coverage,missing_plus_mar_signal,bm,False,359,0.0010617805357604963,0.9098645017603324,0.36289397272015234,0.5181058495821727,0.016469205634132945,3940.6323119777157,0.05871194375163347
REV6,within_signal_coverage,missing_plus_mar_signal,const,False,359,0.026947905912769743,4.261822980556331,2.027660348435386e-05,0.5710306406685237,0.1094880865086846,3940.6323119777157,0.05871194375163347
REV6,within_signal_coverage,missing_plus_mar_signal,idiovol,False,359,0.02903362513372259,1.209240770975924,0.22657035831535766,0.5236768802228412,0.4267962078728196,3940.6323119777157,0.05871194375163347
REV6,within_signal_coverage,missing_plus_mar_signal,ill,False,359,1059.8570684588658,1.8496554669401934,0.06436322288241658,0.6100278551532033,11118.677214960187,3940.6323119777157,0.05871194375163347
REV6,within_signal_coverage,missing_plus_mar_signal,maxret,False,359,-0.035553073000537505,-3.0564320313942477,0.002239882570009652,0.4178272980501393,0.22519963451404548,3940.6323119777157,0.05871194375163347
REV6,within_signal_coverage,missing_plus_mar_signal,missing_indicator,True,359,0.0008720999806400407,1.058027470734669,0.290042918571633,0.5626740947075209,0.015040489687681473,3940.6323119777157,0.05871194375163347
REV6,within_signal_coverage,missing_plus_mar_signal,mom1m,False,359,0.011113919911750808,2.674517195865351,0.00748369381774453,0.6016713091922006,0.07421369052062445,3940.6323119777157,0.05871194375163347
REV6,within_signal_coverage,missing_plus_mar_signal,mve,False,359,-0.0010414340234257816,-2.548281143577468,0.01082551886493865,0.4818941504178273,0.007278545893590505,3940.6323119777157,0.05871194375163347
REV6,within_signal_coverage,missing_plus_mar_signal,retvol,False,359,0.0042937932453388505,0.08849741730659602,0.9294813369775458,0.5069637883008357,0.8699913051917324,3940.6323119777157,0.05871194375163347
REV6,within_signal_coverage,missing_plus_mar_signal,std_dolvol,False,359,-0.0037745391237334444,-2.3699047424446977,0.017792668728412103,0.4596100278551532,0.033287904988207336,3940.6323119777157,0.05871194375163347
REV6,within_signal_coverage,missing_plus_mar_signal,std_turn,False,359,0.0001219233355071557,2.3286017674584993,0.019880172348928728,0.5515320334261838,0.0009396708456324423,3940.6323119777157,0.05871194375163347
REV6,within_signal_coverage,missing_plus_mar_signal,turn,False,359,-0.0011875635994461715,-3.4470240886267973,0.0005667980425078647,0.40668523676880225,0.007445812472540661,3940.6323119777157,0.05871194375163347
REV6,within_signal_coverage,missing_plus_mar_signal,x_mar_filled,True,359,0.012961192750291409,4.018308096216011,5.8617520730068425e-05,0.6406685236768802,0.049895115457146796,3940.6323119777157,0.05871194375163347
REV6,outside_signal_coverage,mar_signal_only,age,False,320,0.003576994973256947,0.9420166235868412,0.3461841290641302,0.54375,0.07328228447636112,72.6625,0.3538484363505269
REV6,outside_signal_coverage,mar_signal_only,baspread,False,320,0.28470560097370323,0.3999034529443623,0.6892276289478175,0.48125,20.526784057636164,72.6625,0.3538484363505269
REV6,outside_signal_coverage,mar_signal_only,beta,False,320,-0.0017809039030742616,-0.02840715829658399,0.9773374150115441,0.51875,2.0538447889891067,72.6625,0.3538484363505269
REV6,outside_signal_coverage,mar_signal_only,bm,False,320,0.054536666337369366,1.3157800748643087,0.18824786878559263,0.540625,1.1795240709795887,72.6625,0.3538484363505269
REV6,outside_signal_coverage,mar_signal_only,const,False,320,0.3687102336443179,0.9519269314386252,0.3411340400799484,0.55625,5.951508877933767,72.6625,0.3538484363505269
REV6,outside_signal_coverage,mar_signal_only,idiovol,False,320,-0.2580639366996693,-0.1521864353556432,0.8790398923615592,0.475,53.56296443248795,72.6625,0.3538484363505269
REV6,outside_signal_coverage,mar_signal_only,ill,False,320,0.04892203306695007,0.7849168035347271,0.43250234924248676,0.496875,0.9068828385053991,72.6625,0.3538484363505269
REV6,outside_signal_coverage,mar_signal_only,maxret,False,320,0.2807758084769907,0.3810573740015361,0.7031606760381871,0.509375,14.66345957839588,72.6625,0.3538484363505269
REV6,outside_signal_coverage,mar_signal_only,mom1m,False,320,-0.35961957266179245,-0.978456774041843,0.3278484603007815,0.503125,5.649578154012702,72.6625,0.3538484363505269
REV6,outside_signal_coverage,mar_signal_only,mve,False,320,-0.04200514889041848,-1.0618850313730765,0.2882878812517119,0.45625,0.5678238064981049,72.6625,0.3538484363505269
REV6,outside_signal_coverage,mar_signal_only,retvol,False,320,1.4937931838534906,1.8054319409388502,0.07100711668980857,0.521875,14.816913084368867,72.6625,0.3538484363505269
REV6,outside_signal_coverage,mar_signal_only,std_dolvol,False,320,0.00022504719556400068,0.011399945787502438,0.9909043562723582,0.51875,0.4182420011605788,72.6625,0.3538484363505269
REV6,outside_signal_coverage,mar_signal_only,std_turn,False,320,-0.003704115621139385,-1.0927758821410742,0.2744922133172373,0.503125,0.07117100977216968,72.6625,0.3538484363505269
REV6,outside_signal_coverage,mar_signal_only,turn,False,320,0.06445943191542479,0.972391685774957,0.33085572658412465,0.4625,0.9398149158874749,72.6625,0.3538484363505269
REV6,outside_signal_coverage,mar_signal_only,x_mar_filled,True,320,3.6234819904315945,1.2049079345080853,0.2282388452011217,0.475,45.146429708438895,72.6625,0.3538484363505269
ForecastDispersion,full,baseline_missing_only,age,False,357,1.541093931232731e-05,0.48134987292769305,0.6302678567476704,0.5210084033613446,0.000555412557013577,3994.728291316527,0.0566105054385733
ForecastDispersion,full,baseline_missing_only,baspread,False,357,-0.060396571945006,-1.2093761565150234,0.22651836465885,0.4005602240896359,0.7638318846900711,3994.728291316527,0.0566105054385733
ForecastDispersion,full,baseline_missing_only,beta,False,357,0.0003937932588842978,0.2706077507479143,0.7866927339518353,0.5238095238095238,0.02522773813486577,3994.728291316527,0.0566105054385733
ForecastDispersion,full,baseline_missing_only,bm,False,357,0.0008106896016171397,0.6950481171433137,0.48702514754866333,0.5294117647058824,0.016437466111604997,3994.728291316527,0.0566105054385733
ForecastDispersion,full,baseline_missing_only,const,False,357,0.02780030199393973,4.5843825759096815,4.553298822134854e-06,0.5798319327731093,0.11003960655600281,3994.728291316527,0.0566105054385733
ForecastDispersion,full,baseline_missing_only,idiovol,False,357,0.03227080938908652,1.309522848077915,0.19035730344752944,0.5378151260504201,0.41989321124703755,3994.728291316527,0.0566105054385733
ForecastDispersion,full,baseline_missing_only,ill,False,357,897.4197837963679,1.7880917211702727,0.07376121107324998,0.5966386554621849,10955.381046667266,3994.728291316527,0.0566105054385733
ForecastDispersion,full,baseline_missing_only,maxret,False,357,-0.0339362893325114,-2.9128435273982642,0.0035815401663424357,0.4257703081232493,0.22590715393552116,3994.728291316527,0.0566105054385733
ForecastDispersion,full,baseline_missing_only,missing_indicator,True,357,-0.001289395738133733,-1.9947721662632822,0.04606773438236131,0.4565826330532213,0.011743443088641416,3994.728291316527,0.0566105054385733
ForecastDispersion,full,baseline_missing_only,mom1m,False,357,0.01186996720423237,2.9364794908518386,0.0033196077021470714,0.5966386554621849,0.07448103506200084,3994.728291316527,0.0566105054385733
ForecastDispersion,full,baseline_missing_only,mve,False,357,-0.001050134781140267,-2.779385744548029,0.005446180883287332,0.49019607843137253,0.007189095092200859,3994.728291316527,0.0566105054385733
ForecastDispersion,full,baseline_missing_only,retvol,False,357,-0.003087263349054143,-0.06358861828979115,0.9492977946898516,0.4957983193277311,0.8624139160425455,3994.728291316527,0.0566105054385733
ForecastDispersion,full,baseline_missing_only,std_dolvol,False,357,-0.0031545134933497563,-2.0920288870969745,0.03643593169084154,0.4789915966386555,0.03406544710907377,3994.728291316527,0.0566105054385733
ForecastDispersion,full,baseline_missing_only,std_turn,False,357,0.00012913487972919475,2.5022957622879294,0.012339079616577016,0.5518207282913166,0.0009332676489517193,3994.728291316527,0.0566105054385733
ForecastDispersion,full,baseline_missing_only,turn,False,357,-0.0012287127696934636,-3.67504901915962,0.00023780375237284702,0.3949579831932773,0.007163687884385531,3994.728291316527,0.0566105054385733
ForecastDispersion,full,mar_signal_only,age,False,357,9.879673191061965e-06,0.307806790922139,0.7582293539075616,0.5322128851540616,0.000548592652249848,3994.728291316527,0.05629147080377746
ForecastDispersion,full,mar_signal_only,baspread,False,357,-0.060096809370056264,-1.2003444802320475,0.23000558157977558,0.4005602240896359,0.7648130399470859,3994.728291316527,0.05629147080377746
ForecastDispersion,full,mar_signal_only,beta,False,357,0.0004616428355652811,0.31689692515054374,0.7513218152559678,0.5070028011204482,0.02530994389056334,3994.728291316527,0.05629147080377746
ForecastDispersion,full,mar_signal_only,bm,False,357,0.0008010995028251747,0.6926800335163356,0.4885103719613908,0.5238095238095238,0.016325189105580257,3994.728291316527,0.05629147080377746
ForecastDispersion,full,mar_signal_only,const,False,357,0.026440806987083783,4.641640870519563,3.4565324472856504e-06,0.5854341736694678,0.10436143998945069,3994.728291316527,0.05629147080377746
ForecastDispersion,full,mar_signal_only,idiovol,False,357,0.029834485575852547,1.2011768308669792,0.2296826148311767,0.5238095238095238,0.42503116814186614,3994.728291316527,0.05629147080377746
ForecastDispersion,full,mar_signal_only,ill,False,357,868.2617102473237,1.7475574655553472,0.0805406860125662,0.5994397759103641,11028.831497570302,3994.728291316527,0.05629147080377746
ForecastDispersion,full,mar_signal_only,maxret,False,357,-0.03379909273873615,-2.910942291078053,0.0036034056491246764,0.4341736694677871,0.2260709499402694,3994.728291316527,0.05629147080377746
ForecastDispersion,full,mar_signal_only,mom1m,False,357,0.01177263638317241,2.902160528289126,0.003705985801882507,0.5966386554621849,0.07469862670236889,3994.728291316527,0.05629147080377746
ForecastDispersion,full,mar_signal_only,mve,False,357,-0.0009569628716941882,-2.625391794408174,0.008654931325271698,0.47619047619047616,0.006927013195898994,3994.728291316527,0.05629147080377746
ForecastDispersion,full,mar_signal_only,retvol,False,357,-0.003509184305957754,-0.07215240525249052,0.9424806215044328,0.49299719887955185,0.8631270734835725,3994.728291316527,0.05629147080377746
ForecastDispersion,full,mar_signal_only,std_dolvol,False,357,-0.0035158136433566718,-2.3334418834356088,0.019624965200698535,0.4649859943977591,0.03465035385454448,3994.728291316527,0.05629147080377746
ForecastDispersion,full,mar_signal_only,std_turn,False,357,0.00013789978560336294,2.637123165586846,0.008361246702070956,0.5518207282913166,0.0009403015495579237,3994.728291316527,0.05629147080377746
ForecastDispersion,full,mar_signal_only,turn,False,357,-0.0012317839902402034,-3.704493962867392,0.00021181315224466754,0.3949579831932773,0.0071520415290050625,3994.728291316527,0.05629147080377746
ForecastDispersion,full,mar_signal_only,x_mar_filled,True,357,3.7171219150704583e-06,0.012186828767315461,0.9902765581676513,0.4957983193277311,0.006474577567839684,3994.728291316527,0.05629147080377746
ForecastDispersion,full,missing_plus_mar_signal,age,False,357,1.4477689827234747e-05,0.45149471194574914,0.6516330354449203,0.5210084033613446,0.0005535374027641188,3994.728291316527,0.056929810912184915
ForecastDispersion,full,missing_plus_mar_signal,baspread,False,357,-0.060601530741713094,-1.213051359969491,0.22511018475947386,0.40336134453781514,0.7636903678469052,3994.728291316527,0.056929810912184915
ForecastDispersion,full,missing_plus_mar_signal,beta,False,357,0.0003929916861378428,0.27009876438435465,0.7870842726752625,0.5238095238095238,0.025209201597625706,3994.728291316527,0.056929810912184915
ForecastDispersion,full,missing_plus_mar_signal,bm,False,357,0.000792056946853942,0.6874927225988818,0.491772285149509,0.5210084033613446,0.016291844042946507,3994.728291316527,0.056929810912184915
ForecastDispersion,full,missing_plus_mar_signal,const,False,357,0.027823064303828315,4.590987949643003,4.411528098002918e-06,0.5798319327731093,0.1102068715012983,3994.728291316527,0.056929810912184915
ForecastDispersion,full,missing_plus_mar_signal,idiovol,False,357,0.0312856333213974,1.2816834316856984,0.19995371933520234,0.5266106442577031,0.41915354499407764,3994.728291316527,0.056929810912184915
ForecastDispersion,full,missing_plus_mar_signal,ill,False,357,898.3414986579319,1.7900588136219777,0.0734444570044318,0.5994397759103641,10955.980142876158,3994.728291316527,0.056929810912184915
ForecastDispersion,full,missing_plus_mar_signal,maxret,False,357,-0.03382518796692377,-2.9032092759159966,0.003693597270425187,0.43137254901960786,0.22603021151270322,3994.728291316527,0.056929810912184915
ForecastDispersion,full,missing_plus_mar_signal,missing_indicator,True,357,-0.0013130097773352439,-2.0243428540744213,0.04293488718317232,0.4565826330532213,0.011738417583227845,3994.728291316527,0.056929810912184915
ForecastDispersion,full,missing_plus_mar_signal,mom1m,False,357,0.011846189537916402,2.929029940604089,0.003400216681699729,0.5966386554621849,0.07445737900156708,3994.728291316527,0.056929810912184915
ForecastDispersion,full,missing_plus_mar_signal,mve,False,357,-0.0010474537236836966,-2.7694397634389123,0.005615278646335461,0.49019607843137253,0.0071962019009098625,3994.728291316527,0.056929810912184915
ForecastDispersion,full,missing_plus_mar_signal,retvol,False,357,-0.003871608296383184,-0.07964475968587145,0.9365197951820858,0.49299719887955185,0.862705742556266,3994.728291316527,0.056929810912184915
ForecastDispersion,full,missing_plus_mar_signal,std_dolvol,False,357,-0.003132425816683937,-2.0794426623892375,0.037576682714893395,0.48179271708683474,0.034081481917453034,3994.728291316527,0.056929810912184915
ForecastDispersion,full,missing_plus_mar_signal,std_turn,False,357,0.00012969510966198466,2.5056122944277646,0.012223957533841603,0.5490196078431373,0.0009357519342934566,3994.728291316527,0.056929810912184915
ForecastDispersion,full,missing_plus_mar_signal,turn,False,357,-0.001219978121692611,-3.6639949749939853,0.00024831165805393705,0.3949579831932773,0.007130524709182755,3994.728291316527,0.056929810912184915
ForecastDispersion,full,missing_plus_mar_signal,x_mar_filled,True,357,-0.00011722001874988525,-0.39316820111637474,0.694195254269564,0.49299719887955185,0.006364398024405903,3994.728291316527,0.056929810912184915
ForecastDispersion,within_signal_coverage,baseline_missing_only,age,False,357,3.4946076803245926e-06,0.1115219624301014,0.9112024507282708,0.5126050420168067,0.0005510320715742225,3680.2464985994397,0.05871546922959236
ForecastDispersion,within_signal_coverage,baseline_missing_only,baspread,False,357,-0.058260806924022204,-1.0826040470430212,0.2789842102008019,0.43137254901960786,0.8252021154574551,3680.2464985994397,0.05871546922959236
ForecastDispersion,within_signal_coverage,baseline_missing_only,beta,False,357,2.425410395385223e-05,0.016045391403909537,0.9871981792437141,0.5098039215686274,0.025546571750312486,3680.2464985994397,0.05871546922959236
ForecastDispersion,within_signal_coverage,baseline_missing_only,bm,False,357,5.587753636445493e-05,0.0460908926236661,0.9632378049289505,0.5182072829131653,0.017379680704472013,3680.2464985994397,0.05871546922959236
ForecastDispersion,within_signal_coverage,baseline_missing_only,const,False,357,0.027258971879602904,4.260452135937571,2.04013770928905e-05,0.5966386554621849,0.1135519237555187,3680.2464985994397,0.05871546922959236
ForecastDispersion,within_signal_coverage,baseline_missing_only,idiovol,False,357,0.040614311290101485,1.5477693476186225,0.1216778389230752,0.5322128851540616,0.4404929854749488,3680.2464985994397,0.05871546922959236
ForecastDispersion,within_signal_coverage,baseline_missing_only,ill,False,357,1019.4065163107202,1.937913588142645,0.05263376589189764,0.5938375350140056,12533.566080424445,3680.2464985994397,0.05871546922959236
ForecastDispersion,within_signal_coverage,baseline_missing_only,maxret,False,357,-0.04260170910872179,-3.5616256301393356,0.0003685656754350135,0.42016806722689076,0.2300338247523703,3680.2464985994397,0.05871546922959236
ForecastDispersion,within_signal_coverage,baseline_missing_only,missing_indicator,True,357,-0.0001944964324618946,-0.3140451335434015,0.7534867598899211,0.5042016806722689,0.011623883226877674,3680.2464985994397,0.05871546922959236
ForecastDispersion,within_signal_coverage,baseline_missing_only,mom1m,False,357,0.014670122456065247,3.4382010053663374,0.0005855928368517857,0.6022408963585434,0.07630828709540266,3680.2464985994397,0.05871546922959236
ForecastDispersion,within_signal_coverage,baseline_missing_only,mve,False,357,-0.0010080247829775965,-2.579967041933437,0.009880974493100936,0.48179271708683474,0.007224793352885792,3680.2464985994397,0.05871546922959236
ForecastDispersion,within_signal_coverage,baseline_missing_only,retvol,False,357,0.01870191450607045,0.34401699163709953,0.7308335076563903,0.49859943977591037,0.9095030144528347,3680.2464985994397,0.05871546922959236
ForecastDispersion,within_signal_coverage,baseline_missing_only,std_dolvol,False,357,-0.0027160836498463553,-1.672221452808097,0.09448066169459911,0.48739495798319327,0.03549126792300776,3680.2464985994397,0.05871546922959236
ForecastDispersion,within_signal_coverage,baseline_missing_only,std_turn,False,357,0.00011895312203859391,2.2290071657187673,0.02581342801030381,0.5322128851540616,0.0009532319187712451,3680.2464985994397,0.05871546922959236
ForecastDispersion,within_signal_coverage,baseline_missing_only,turn,False,357,-0.0011546001724410879,-3.46850879227419,0.000523355401193299,0.41456582633053224,0.007241562742624902,3680.2464985994397,0.05871546922959236
ForecastDispersion,within_signal_coverage,mar_signal_only,age,False,357,2.7237312452796204e-06,0.08630914294053045,0.931220670584208,0.5042016806722689,0.0005436146209848153,3680.2464985994397,0.05841658373717081
ForecastDispersion,within_signal_coverage,mar_signal_only,baspread,False,357,-0.0577678688668302,-1.068866802362725,0.2851296927397642,0.42016806722689076,0.8266806466791785,3680.2464985994397,0.05841658373717081
ForecastDispersion,within_signal_coverage,mar_signal_only,beta,False,357,1.132256110850002e-05,0.007477898515930619,0.9940335558331718,0.5098039215686274,0.025592315561384662,3680.2464985994397,0.05841658373717081
ForecastDispersion,within_signal_coverage,mar_signal_only,bm,False,357,5.987465529035124e-05,0.04971195273884101,0.9603519313294187,0.5154061624649859,0.017285393831475735,3680.2464985994397,0.05841658373717081
ForecastDispersion,within_signal_coverage,mar_signal_only,const,False,357,0.027324717394936936,4.465359970429853,7.993423959909129e-06,0.5882352941176471,0.10943427786936868,3680.2464985994397,0.05841658373717081
ForecastDispersion,within_signal_coverage,mar_signal_only,idiovol,False,357,0.040464103452700795,1.5185454029814318,0.12887696276829277,0.5322128851540616,0.4472481970513812,3680.2464985994397,0.05841658373717081
ForecastDispersion,within_signal_coverage,mar_signal_only,ill,False,357,984.7833233039923,1.9197942592736532,0.054883892294682386,0.5938375350140056,12552.022758975007,3680.2464985994397,0.05841658373717081
ForecastDispersion,within_signal_coverage,mar_signal_only,maxret,False,357,-0.04250499654383311,-3.561997118161676,0.0003680444250648205,0.42296918767507,0.2301822299094783,3680.2464985994397,0.05841658373717081
ForecastDispersion,within_signal_coverage,mar_signal_only,mom1m,False,357,0.014658724104246472,3.4272575686133138,0.000609710450964843,0.6050420168067226,0.07645992244655013,3680.2464985994397,0.05841658373717081
ForecastDispersion,within_signal_coverage,mar_signal_only,mve,False,357,-0.001010891849717711,-2.6576152465352463,0.007869567875094765,0.4733893557422969,0.007026032825673009,3680.2464985994397,0.05841658373717081
ForecastDispersion,within_signal_coverage,mar_signal_only,retvol,False,357,0.017880832893735488,0.3284580652099254,0.7425653461416424,0.5042016806722689,0.9099874471095706,3680.2464985994397,0.05841658373717081
ForecastDispersion,within_signal_coverage,mar_signal_only,std_dolvol,False,357,-0.002843303100522043,-1.7554817457143825,0.07917694035068659,0.49299719887955185,0.03597815393191242,3680.2464985994397,0.05841658373717081
ForecastDispersion,within_signal_coverage,mar_signal_only,std_turn,False,357,0.00012274764917344943,2.289468312655308,0.022052156973074413,0.5462184873949579,0.0009585771764334717,3680.2464985994397,0.05841658373717081
ForecastDispersion,within_signal_coverage,mar_signal_only,turn,False,357,-0.0011653828607142952,-3.5240186710292134,0.0004250542965479221,0.40896358543417366,0.007231107630820202,3680.2464985994397,0.05841658373717081
ForecastDispersion,within_signal_coverage,mar_signal_only,x_mar_filled,True,357,-2.8572792295282194e-05,-0.09421289840866641,0.9249400389006293,0.49019607843137253,0.006496586156061119,3680.2464985994397,0.05841658373717081
ForecastDispersion,within_signal_coverage,missing_plus_mar_signal,age,False,357,2.6547058952277545e-06,0.0846184996666059,0.9325646912102282,0.5070028011204482,0.0005484256164425584,3680.2464985994397,0.059072155381565405
ForecastDispersion,within_signal_coverage,missing_plus_mar_signal,baspread,False,357,-0.05843668703466259,-1.0855798476724807,0.2776649196128037,0.42296918767507,0.8250827569539964,3680.2464985994397,0.059072155381565405
ForecastDispersion,within_signal_coverage,missing_plus_mar_signal,beta,False,357,2.3166541027752412e-05,0.015328955785779976,0.9877697418185014,0.5126050420168067,0.02552331343658506,3680.2464985994397,0.059072155381565405
ForecastDispersion,within_signal_coverage,missing_plus_mar_signal,bm,False,357,4.121624782075237e-05,0.0343557962451686,0.9725934321313097,0.5126050420168067,0.01726486088095916,3680.2464985994397,0.059072155381565405
ForecastDispersion,within_signal_coverage,missing_plus_mar_signal,const,False,357,0.027281182972169096,4.266963472555561,1.981515882793502e-05,0.5994397759103641,0.113723344765293,3680.2464985994397,0.059072155381565405
ForecastDispersion,within_signal_coverage,missing_plus_mar_signal,idiovol,False,357,0.039763855787254776,1.529483591597605,0.12614460372169534,0.5322128851540616,0.43965237804992596,3680.2464985994397,0.059072155381565405
ForecastDispersion,within_signal_coverage,missing_plus_mar_signal,ill,False,357,1020.9672637807504,1.9390368934396363,0.05249684594320169,0.5910364145658263,12531.069912851677,3680.2464985994397,0.059072155381565405
ForecastDispersion,within_signal_coverage,missing_plus_mar_signal,maxret,False,357,-0.04244547512224458,-3.5460175826678655,0.0003911001109846244,0.42857142857142855,0.23016590064659,3680.2464985994397,0.059072155381565405
ForecastDispersion,within_signal_coverage,missing_plus_mar_signal,missing_indicator,True,357,-0.00022008431858105542,-0.354147265076983,0.723228522017824,0.5042016806722689,0.01163418640643306,3680.2464985994397,0.059072155381565405
ForecastDispersion,within_signal_coverage,missing_plus_mar_signal,mom1m,False,357,0.014636626459706984,3.4289191852104763,0.0006059899393657729,0.6022408963585434,0.07627991520005022,3680.2464985994397,0.059072155381565405
ForecastDispersion,within_signal_coverage,missing_plus_mar_signal,mve,False,357,-0.001005601657028809,-2.571645057532103,0.010121660334252415,0.48179271708683474,0.007230286306936464,3680.2464985994397,0.059072155381565405
ForecastDispersion,within_signal_coverage,missing_plus_mar_signal,retvol,False,357,0.0178226325360661,0.32740542915929466,0.7433612606768145,0.5014005602240896,0.9098626115169117,3680.2464985994397,0.059072155381565405
ForecastDispersion,within_signal_coverage,missing_plus_mar_signal,std_dolvol,False,357,-0.002696444786296318,-1.6623337173366024,0.09644588085803388,0.48739495798319327,0.03551034885152529,3680.2464985994397,0.059072155381565405
ForecastDispersion,within_signal_coverage,missing_plus_mar_signal,std_turn,False,357,0.00011960858073913622,2.2358352634386502,0.025362564100460703,0.5322128851540616,0.0009558294851677123,3680.2464985994397,0.059072155381565405
ForecastDispersion,within_signal_coverage,missing_plus_mar_signal,turn,False,357,-0.0011465888706529504,-3.460323648791528,0.0005395264980638572,0.4061624649859944,0.007209465816186679,3680.2464985994397,0.059072155381565405
ForecastDispersion,within_signal_coverage,missing_plus_mar_signal,x_mar_filled,True,357,-9.891687663165919e-05,-0.3336191181054834,0.7386669898806567,0.48179271708683474,0.006386601260080796,3680.2464985994397,0.059072155381565405
ForecastDispersion,outside_signal_coverage,mar_signal_only,age,False,357,-0.0009013255615675517,-0.6486521840167532,0.5165632174405659,0.5154061624649859,0.03263967137153844,314.4817927170868,0.13240093495411437
ForecastDispersion,outside_signal_coverage,mar_signal_only,baspread,False,357,-0.6658708483011219,-0.9342951165595008,0.350151682679975,0.46218487394957986,18.284402801791256,314.4817927170868,0.13240093495411437
ForecastDispersion,outside_signal_coverage,mar_signal_only,beta,False,357,-0.025423977653506888,-0.9207462180884913,0.35718293996119,0.49859943977591037,0.6899224168921619,314.4817927170868,0.13240093495411437
ForecastDispersion,outside_signal_coverage,mar_signal_only,bm,False,357,-0.06064796262519212,-0.84559554799322,0.3977784099917545,0.47619047619047616,1.778851117595244,314.4817927170868,0.13240093495411437
ForecastDispersion,outside_signal_coverage,mar_signal_only,const,False,357,-0.08231789550169735,-0.629844482824977,0.5287963388084926,0.49019607843137253,3.401146303174002,314.4817927170868,0.13240093495411437
ForecastDispersion,outside_signal_coverage,mar_signal_only,idiovol,False,357,-0.8899028249983159,-0.7525300422820466,0.45173237030222413,0.47619047619047616,27.924054545489497,314.4817927170868,0.13240093495411437
ForecastDispersion,outside_signal_coverage,mar_signal_only,ill,False,357,0.030801524078931414,1.8460513697627527,0.06488474694186723,0.5574229691876751,0.24790963922459458,314.4817927170868,0.13240093495411437
ForecastDispersion,outside_signal_coverage,mar_signal_only,maxret,False,357,-0.09272696732846733,-0.5097980238118385,0.6101929703189594,0.48739495798319327,4.061522375230575,314.4817927170868,0.13240093495411437
ForecastDispersion,outside_signal_coverage,mar_signal_only,mom1m,False,357,-0.0024074857237386064,-0.15837332247182018,0.8741626340451667,0.484593837535014,0.2891698436683319,314.4817927170868,0.13240093495411437
ForecastDispersion,outside_signal_coverage,mar_signal_only,mve,False,357,0.009430075335810022,0.6664655158352144,0.5051135981741279,0.48739495798319327,0.3621122177527981,314.4817927170868,0.13240093495411437
ForecastDispersion,outside_signal_coverage,mar_signal_only,retvol,False,357,-0.08118812713244195,-0.33119009536925537,0.7405009012159709,0.5182072829131653,5.262470266625965,314.4817927170868,0.13240093495411437
ForecastDispersion,outside_signal_coverage,mar_signal_only,std_dolvol,False,357,0.014200655419826085,0.7295920104841882,0.46563960729417897,0.5434173669467787,0.49793048913986454,314.4817927170868,0.13240093495411437
ForecastDispersion,outside_signal_coverage,mar_signal_only,std_turn,False,357,0.0009296912989525542,0.9820670755830903,0.32606680441675073,0.5238095238095238,0.022018866237221827,314.4817927170868,0.13240093495411437
ForecastDispersion,outside_signal_coverage,mar_signal_only,turn,False,357,-0.007087629257551941,-1.323883833828493,0.1855416280014197,0.4565826330532213,0.1060904781897605,314.4817927170868,0.13240093495411437
ForecastDispersion,outside_signal_coverage,mar_signal_only,x_mar_filled,True,357,-0.4906798213982211,-0.9192871405500034,0.3579454021971803,0.4733893557422969,13.264343283386086,314.4817927170868,0.13240093495411437
FEPS,full,baseline_missing_only,age,False,360,1.5716899495414923e-05,0.49615969856412795,0.6197817425328407,0.5222222222222223,0.0005634559559926163,4000.275,0.057033932598109446
FEPS,full,baseline_missing_only,baspread,False,360,-0.0609257244505234,-1.2320044119082343,0.21794743605647005,0.4027777777777778,0.7603498695293888,4000.275,0.057033932598109446
FEPS,full,baseline_missing_only,beta,False,360,0.0009007822612043675,0.5980275499381682,0.5498215505891492,0.5194444444444445,0.02658585760992434,4000.275,0.057033932598109446
FEPS,full,baseline_missing_only,bm,False,360,0.0008779978724563413,0.7662087015927559,0.4435521316188359,0.5277777777777778,0.01644162117170821,4000.275,0.057033932598109446
FEPS,full,baseline_missing_only,const,False,360,0.026624494371747253,4.347106778056939,1.3794507363667146e-05,0.5777777777777777,0.10895009980341162,4000.275,0.057033932598109446
FEPS,full,baseline_missing_only,idiovol,False,360,0.02541084173523099,1.0630168315763584,0.28777431840661805,0.5333333333333333,0.42592219715321233,4000.275,0.057033932598109446
FEPS,full,baseline_missing_only,ill,False,360,876.9273406222228,1.7752271569526572,0.07586038738197591,0.6055555555555555,10752.55671841848,4000.275,0.057033932598109446
FEPS,full,baseline_missing_only,maxret,False,360,-0.033571884445375115,-2.8760193469786763,0.0040272502675133,0.4305555555555556,0.22555454649888718,4000.275,0.057033932598109446
FEPS,full,baseline_missing_only,missing_indicator,True,360,-0.00012372093391154165,-0.1579247126292915,0.8745161245574805,0.5194444444444445,0.014076841099662354,4000.275,0.057033932598109446
FEPS,full,baseline_missing_only,mom1m,False,360,0.011500379565116766,2.7961048754773787,0.005172261329524487,0.6,0.07477827811701862,4000.275,0.057033932598109446
FEPS,full,baseline_missing_only,mve,False,360,-0.0010240910690160429,-2.538927309772152,0.01111929232555678,0.49722222222222223,0.007297400020657243,4000.275,0.057033932598109446
FEPS,full,baseline_missing_only,retvol,False,360,-0.003957968308148291,-0.08171687596722772,0.9348718581606602,0.49722222222222223,0.8602570012630272,4000.275,0.057033932598109446
FEPS,full,baseline_missing_only,std_dolvol,False,360,-0.0033528754499096676,-2.2190846557545236,0.026480965744258067,0.4638888888888889,0.03403183638614091,4000.275,0.057033932598109446
FEPS,full,baseline_missing_only,std_turn,False,360,0.00013153438677394427,2.540429605004511,0.011071637914449522,0.5555555555555556,0.0009429669353592444,4000.275,0.057033932598109446
FEPS,full,baseline_missing_only,turn,False,360,-0.0012119038292225633,-3.6069770185393284,0.00030978508581263345,0.3972222222222222,0.007302196382483191,4000.275,0.057033932598109446
FEPS,full,mar_signal_only,age,False,360,1.7799835040163346e-05,0.5661142169938826,0.571316139301193,0.5305555555555556,0.0005573027923427521,4000.275,0.056435180889338354
FEPS,full,mar_signal_only,baspread,False,360,-0.05956026051863539,-1.1969793745507338,0.23131459405076948,0.40555555555555556,0.7627975133673686,4000.275,0.056435180889338354
FEPS,full,mar_signal_only,beta,False,360,0.000879537202462351,0.5785934291222186,0.5628635394811963,0.5055555555555555,0.02679636059653977,4000.275,0.056435180889338354
FEPS,full,mar_signal_only,bm,False,360,0.0008930282123616579,0.7827104431771981,0.43379716826174186,0.525,0.016421515704451627,4000.275,0.056435180889338354
FEPS,full,mar_signal_only,const,False,360,0.027089507241984834,4.555729685242632,5.220403610015309e-06,0.5861111111111111,0.10591551996305683,4000.275,0.056435180889338354
FEPS,full,mar_signal_only,idiovol,False,360,0.02744082769489612,1.1521229499362398,0.24927055364290107,0.5277777777777778,0.4244656791923081,4000.275,0.056435180889338354
FEPS,full,mar_signal_only,ill,False,360,862.136778028382,1.7497797702995574,0.0801563227073847,0.6,10981.096738004131,4000.275,0.056435180889338354
FEPS,full,mar_signal_only,maxret,False,360,-0.033184113408821075,-2.846671531951701,0.004417892083968448,0.42777777777777776,0.22547484281407404,4000.275,0.056435180889338354
FEPS,full,mar_signal_only,mom1m,False,360,0.01147875352693214,2.775467255871752,0.005512244969722044,0.6,0.07496756577707235,4000.275,0.056435180889338354
FEPS,full,mar_signal_only,mve,False,360,-0.0010648275204676427,-2.739948483831578,0.006144881511262622,0.475,0.007100874790599454,4000.275,0.056435180889338354
FEPS,full,mar_signal_only,retvol,False,360,-0.00584074402402089,-0.12044744251479053,0.9041287112341004,0.49166666666666664,0.8601560427625019,4000.275,0.056435180889338354
FEPS,full,mar_signal_only,std_dolvol,False,360,-0.0035317000529833395,-2.3631672598150715,0.018119489742473762,0.4583333333333333,0.03456534222719989,4000.275,0.056435180889338354
FEPS,full,mar_signal_only,std_turn,False,360,0.00013562528830412737,2.6306652481700534,0.008521792906898874,0.55,0.0009390857288102091,4000.275,0.056435180889338354
FEPS,full,mar_signal_only,turn,False,360,-0.001232395918421384,-3.6777725651557946,0.00023527960244288613,0.3972222222222222,0.007308050513314305,4000.275,0.056435180889338354
FEPS,full,mar_signal_only,x_mar_filled,True,360,3.744769759349608e-05,0.412160630237411,0.680221691493641,0.5027777777777778,0.001324112357405386,4000.275,0.056435180889338354
FEPS,full,missing_plus_mar_signal,age,False,360,1.5299639951232032e-05,0.48287846859846956,0.6291820307478944,0.5222222222222223,0.0005632231699495235,4000.275,0.05713112108046394
FEPS,full,missing_plus_mar_signal,baspread,False,360,-0.06093353736714558,-1.2323203060623884,0.21782945739037363,0.4027777777777778,0.7602831481133705,4000.275,0.05713112108046394
FEPS,full,missing_plus_mar_signal,beta,False,360,0.0009032075118120117,0.5997481454339183,0.5486740964565557,0.5194444444444445,0.026581346322821248,4000.275,0.05713112108046394
FEPS,full,missing_plus_mar_signal,bm,False,360,0.0008697744200102282,0.7621736952127355,0.44595634351071833,0.5305555555555556,0.016403866000842923,4000.275,0.05713112108046394
FEPS,full,missing_plus_mar_signal,const,False,360,0.026747640799197767,4.359356579207263,1.3044541180232833e-05,0.5833333333333334,0.10905810091302816,4000.275,0.05713112108046394
FEPS,full,missing_plus_mar_signal,idiovol,False,360,0.025949691211772194,1.1011154638534542,0.2708464075849234,0.5305555555555556,0.4239633956676103,4000.275,0.05713112108046394
FEPS,full,missing_plus_mar_signal,ill,False,360,876.4325459179236,1.774590560327713,0.0759655170128631,0.6055555555555555,10751.961071663147,4000.275,0.05713112108046394
FEPS,full,missing_plus_mar_signal,maxret,False,360,-0.033578403175871095,-2.8759782775566016,0.004027774294507645,0.43333333333333335,0.22558389768590462,4000.275,0.05713112108046394
FEPS,full,missing_plus_mar_signal,missing_indicator,True,360,-0.00012299614462526077,-0.15692881288359023,0.8753009517917518,0.5194444444444445,0.014075712258829604,4000.275,0.05713112108046394
FEPS,full,missing_plus_mar_signal,mom1m,False,360,0.011493067805806655,2.795110735134033,0.005188194064792567,0.6027777777777777,0.07478019523756958,4000.275,0.05713112108046394
FEPS,full,missing_plus_mar_signal,mve,False,360,-0.0010388827110967148,-2.570419392653746,0.01015754623138814,0.49444444444444446,0.007313285523678659,4000.275,0.05713112108046394
FEPS,full,missing_plus_mar_signal,retvol,False,360,-0.003754445171485909,-0.07751218174184764,0.9382161008014877,0.49722222222222223,0.8600860482893493,4000.275,0.05713112108046394
FEPS,full,missing_plus_mar_signal,std_dolvol,False,360,-0.0033698508390086947,-2.2292496171726643,0.02579730087195732,0.4666666666666667,0.03406587675071199,4000.275,0.05713112108046394
FEPS,full,missing_plus_mar_signal,std_turn,False,360,0.00013158807037698901,2.540849219313471,0.011058359757460933,0.5555555555555556,0.0009422782534407941,4000.275,0.05713112108046394
FEPS,full,missing_plus_mar_signal,turn,False,360,-0.0012113902963309126,-3.6105297963189464,0.000305572193413707,0.39444444444444443,0.007297032782337046,4000.275,0.05713112108046394
FEPS,full,missing_plus_mar_signal,x_mar_filled,True,360,3.776312139135805e-05,0.4170365607475096,0.6766516658122546,0.5027777777777778,0.001324928519206376,4000.275,0.05713112108046394
FEPS,within_signal_coverage,baseline_missing_only,age,False,360,1.653966646691318e-05,0.5222424965574505,0.6015015008262303,0.5333333333333333,0.0005638942642068447,3992.213888888889,0.05711251338361074
FEPS,within_signal_coverage,baseline_missing_only,baspread,False,360,-0.05780899364165491,-1.166745086329322,0.24331332926045135,0.4,0.7639771020497494,3992.213888888889,0.05711251338361074
FEPS,within_signal_coverage,baseline_missing_only,beta,False,360,0.000878399538603914,0.583946907983366,0.5592560324660856,0.5166666666666667,0.026616870675422274,3992.213888888889,0.05711251338361074
FEPS,within_signal_coverage,baseline_missing_only,bm,False,360,0.0008603876883705815,0.7528943431549643,0.45151340770581283,0.525,0.016396106690882015,3992.213888888889,0.05711251338361074
FEPS,within_signal_coverage,baseline_missing_only,const,False,360,0.02673439345379243,4.336884945739377,1.4451622173331002e-05,0.575,0.1088115483400924,3992.213888888889,0.05711251338361074
FEPS,within_signal_coverage,baseline_missing_only,idiovol,False,360,0.024848182970036485,1.0407114962412527,0.2980094660670115,0.5166666666666667,0.42659935977539104,3992.213888888889,0.05711251338361074
FEPS,within_signal_coverage,baseline_missing_only,ill,False,360,847.369620030151,1.7403366680953507,0.08179991899883617,0.6055555555555555,10744.44391604816,3992.213888888889,0.05711251338361074
FEPS,within_signal_coverage,baseline_missing_only,maxret,False,360,-0.03224392377830836,-2.733559836530525,0.00626537381149037,0.43333333333333335,0.22545510032413685,3992.213888888889,0.05711251338361074
FEPS,within_signal_coverage,baseline_missing_only,missing_indicator,True,360,-5.617606666106134e-05,-0.07194682686613599,0.9426442241304249,0.5305555555555556,0.014027931484230155,3992.213888888889,0.05711251338361074
FEPS,within_signal_coverage,baseline_missing_only,mom1m,False,360,0.011315242544793408,2.7520067253516793,0.005923130447747117,0.6027777777777777,0.07474883355616664,3992.213888888889,0.05711251338361074
FEPS,within_signal_coverage,baseline_missing_only,mve,False,360,-0.001030422570783071,-2.5453158498212853,0.010917893344666082,0.49444444444444446,0.007282607155148603,3992.213888888889,0.05711251338361074
FEPS,within_signal_coverage,baseline_missing_only,retvol,False,360,-0.0089002854699212,-0.1825936456767569,0.8551168705384815,0.5027777777777778,0.8601277804813615,3992.213888888889,0.05711251338361074
FEPS,within_signal_coverage,baseline_missing_only,std_dolvol,False,360,-0.0033828284330801256,-2.2244620544704894,0.02611737278599278,0.4666666666666667,0.03408604120737661,3992.213888888889,0.05711251338361074
FEPS,within_signal_coverage,baseline_missing_only,std_turn,False,360,0.00012867035849724423,2.560087494409604,0.010464581357744814,0.5472222222222223,0.0009360224572661232,3992.213888888889,0.05711251338361074
FEPS,within_signal_coverage,baseline_missing_only,turn,False,360,-0.0011935450807385693,-3.529459054463507,0.0004164101354834356,0.4027777777777778,0.007353176456790918,3992.213888888889,0.05711251338361074
FEPS,within_signal_coverage,mar_signal_only,age,False,360,1.8911920618905035e-05,0.6016477027379323,0.5474086684445099,0.5277777777777778,0.0005576123624738031,3992.213888888889,0.05651398300129661
FEPS,within_signal_coverage,mar_signal_only,baspread,False,360,-0.056413260050218954,-1.1310392483619411,0.25803857235860983,0.4027777777777778,0.7667031257233422,3992.213888888889,0.05651398300129661
FEPS,within_signal_coverage,mar_signal_only,beta,False,360,0.0008545811444445039,0.5627268844868581,0.5736208744872102,0.5027777777777778,0.026821353075097427,3992.213888888889,0.05651398300129661
FEPS,within_signal_coverage,mar_signal_only,bm,False,360,0.0008764511100739988,0.7703395278282161,0.4410985146680436,0.5277777777777778,0.016377866993158418,3992.213888888889,0.05651398300129661
FEPS,within_signal_coverage,mar_signal_only,const,False,360,0.02725583105346216,4.551534008481538,5.325618710973679e-06,0.5861111111111111,0.10593333552473021,3992.213888888889,0.05651398300129661
FEPS,within_signal_coverage,mar_signal_only,idiovol,False,360,0.026968022856890102,1.1325508764327008,0.25740290768343765,0.5111111111111111,0.4253705372344519,3992.213888888889,0.05651398300129661
FEPS,within_signal_coverage,mar_signal_only,ill,False,360,830.956768088226,1.696517637687321,0.08978789282619187,0.6,10987.86335844644,3992.213888888889,0.05651398300129661
FEPS,within_signal_coverage,mar_signal_only,maxret,False,360,-0.03185583036901056,-2.7044403209721906,0.006841955858711005,0.4305555555555556,0.22531598831586216,3992.213888888889,0.05651398300129661
FEPS,within_signal_coverage,mar_signal_only,mom1m,False,360,0.011305780743446722,2.7344012419292145,0.006249383905758959,0.6,0.07492847494037727,3992.213888888889,0.05651398300129661
FEPS,within_signal_coverage,mar_signal_only,mve,False,360,-0.00107575307694664,-2.7567516279455013,0.005837867610835586,0.475,0.007097896803678335,3992.213888888889,0.05651398300129661
FEPS,within_signal_coverage,mar_signal_only,retvol,False,360,-0.010778414840830445,-0.22075506803775954,0.8252831509347542,0.49722222222222223,0.8599295454232033,3992.213888888889,0.05651398300129661
FEPS,within_signal_coverage,mar_signal_only,std_dolvol,False,360,-0.003547865583515857,-2.3596443886670446,0.018292460730913836,0.46111111111111114,0.034576802787039916,3992.213888888889,0.05651398300129661
FEPS,within_signal_coverage,mar_signal_only,std_turn,False,360,0.00013252203446509117,2.6509081094429034,0.008027567858299443,0.5361111111111111,0.0009314614564286726,3992.213888888889,0.05651398300129661
FEPS,within_signal_coverage,mar_signal_only,turn,False,360,-0.001213723821481541,-3.5978914400491293,0.00032080746094052386,0.4027777777777778,0.007360575797444647,3992.213888888889,0.05651398300129661
FEPS,within_signal_coverage,mar_signal_only,x_mar_filled,True,360,3.7605802382868376e-05,0.41400983116090895,0.6788669069438945,0.5027777777777778,0.001323741786659812,3992.213888888889,0.05651398300129661
FEPS,within_signal_coverage,missing_plus_mar_signal,age,False,360,1.6121276327098397e-05,0.5088861781573013,0.6108320087985952,0.5305555555555556,0.0005636804898162377,3992.213888888889,0.05721054347640391
FEPS,within_signal_coverage,missing_plus_mar_signal,baspread,False,360,-0.05781713015697476,-1.1670593551905848,0.24318640035653372,0.4,0.7639106540247055,3992.213888888889,0.05721054347640391
FEPS,within_signal_coverage,missing_plus_mar_signal,beta,False,360,0.0008808579092530386,0.5856937530113725,0.5580813328442342,0.5194444444444445,0.026612329745014606,3992.213888888889,0.05721054347640391
FEPS,within_signal_coverage,missing_plus_mar_signal,bm,False,360,0.0008520814742179191,0.7487207816697297,0.4540255152938356,0.525,0.016358617800117926,3992.213888888889,0.05721054347640391
FEPS,within_signal_coverage,missing_plus_mar_signal,const,False,360,0.026857908402030884,4.3483177505635915,1.371857499228551e-05,0.5805555555555556,0.10892708055245597,3992.213888888889,0.05721054347640391
FEPS,within_signal_coverage,missing_plus_mar_signal,idiovol,False,360,0.025389851791074468,1.0783124593792486,0.280894338680427,0.5138888888888888,0.42468706315248456,3992.213888888889,0.05721054347640391
FEPS,within_signal_coverage,missing_plus_mar_signal,ill,False,360,846.8793135298349,1.7396572140470317,0.08191922642971142,0.6083333333333333,10744.094955332672,3992.213888888889,0.05721054347640391
FEPS,within_signal_coverage,missing_plus_mar_signal,maxret,False,360,-0.032250583725328075,-2.733502170768245,0.0062664710278573284,0.43333333333333335,0.22548331653143222,3992.213888888889,0.05721054347640391
FEPS,within_signal_coverage,missing_plus_mar_signal,missing_indicator,True,360,-5.5472554202762986e-05,-0.07101565931212461,0.9433852926280948,0.5305555555555556,0.01402678851501729,3992.213888888889,0.05721054347640391
FEPS,within_signal_coverage,missing_plus_mar_signal,mom1m,False,360,0.011307791665814707,2.750967996473302,0.0059419448114787065,0.6027777777777777,0.074751336484105,3992.213888888889,0.05721054347640391
FEPS,within_signal_coverage,missing_plus_mar_signal,mve,False,360,-0.0010452665893976353,-2.5762585521962738,0.009987593210289034,0.49166666666666664,0.007298954211265378,3992.213888888889,0.05721054347640391
FEPS,within_signal_coverage,missing_plus_mar_signal,retvol,False,360,-0.008695821327679275,-0.17839127398698082,0.8584157017434512,0.5027777777777778,0.8599467228982316,3992.213888888889,0.05721054347640391
FEPS,within_signal_coverage,missing_plus_mar_signal,std_dolvol,False,360,-0.003399835369325333,-2.234300768972533,0.025463289781111738,0.4666666666666667,0.03412094881323979,3992.213888888889,0.05721054347640391
FEPS,within_signal_coverage,missing_plus_mar_signal,std_turn,False,360,0.0001287148684894503,2.5603050404307006,0.010458032329927149,0.5472222222222223,0.0009353386505903675,3992.213888888889,0.05721054347640391
FEPS,within_signal_coverage,missing_plus_mar_signal,turn,False,360,-0.0011930176763118672,-3.5330102626351088,0.00041085652240029243,0.3972222222222222,0.0073481896865757864,3992.213888888889,0.05721054347640391
FEPS,within_signal_coverage,missing_plus_mar_signal,x_mar_filled,True,360,3.7921688714308014e-05,0.4189440515225233,0.6752570217611364,0.5027777777777778,0.001324567619264665,3992.213888888889,0.05721054347640391
FEPS,outside_signal_coverage,mar_signal_only,age,False,11,0.0032835656652871474,0.7086291515731444,0.4785546410531135,0.36363636363636365,0.041563592064742465,27.272727272727273,0.5260339801526631
FEPS,outside_signal_coverage,mar_signal_only,baspread,False,11,-2.06905702378238,-1.0935874000311971,0.2741359778151137,0.36363636363636365,5.800059451814422,27.272727272727273,0.5260339801526631
FEPS,outside_signal_coverage,mar_signal_only,beta,False,11,-0.050785028483052316,-0.7507161182366809,0.4528235205792025,0.7272727272727273,0.42786726536649095,27.272727272727273,0.5260339801526631
FEPS,outside_signal_coverage,mar_signal_only,bm,False,11,0.0907027321458995,0.6872145140205613,0.49194755946459834,0.36363636363636365,0.9557629310566692,27.272727272727273,0.5260339801526631
FEPS,outside_signal_coverage,mar_signal_only,const,False,11,-1.6974492229368745,-0.8808483406191295,0.37839991129033446,0.7272727272727273,12.839873760499742,27.272727272727273,0.5260339801526631
FEPS,outside_signal_coverage,mar_signal_only,idiovol,False,11,0.2273745899703279,0.07908466413772865,0.936965281549801,0.6363636363636364,22.56105651588747,27.272727272727273,0.5260339801526631
FEPS,outside_signal_coverage,mar_signal_only,ill,False,11,0.0012134990161893292,0.180533415970585,0.8567338231971452,0.6363636363636364,0.05212348362305078,27.272727272727273,0.5260339801526631
FEPS,outside_signal_coverage,mar_signal_only,maxret,False,11,-0.8024940763865434,-2.495629927175151,0.012573369983607328,0.36363636363636365,2.245796816212692,27.272727272727273,0.5260339801526631
FEPS,outside_signal_coverage,mar_signal_only,mom1m,False,11,-0.16626836471210987,-0.7969625942531915,0.4254727558799487,0.45454545454545453,1.4185450310154333,27.272727272727273,0.5260339801526631
FEPS,outside_signal_coverage,mar_signal_only,mve,False,11,0.1370198388283787,0.7238054851214465,0.4691851614044523,0.2727272727272727,1.2741267426866032,27.272727272727273,0.5260339801526631
FEPS,outside_signal_coverage,mar_signal_only,retvol,False,11,2.6028963805446494,1.5188044903715818,0.12881171529821656,0.5454545454545454,7.019827805163975,27.272727272727273,0.5260339801526631
FEPS,outside_signal_coverage,mar_signal_only,std_dolvol,False,11,0.2842638336500133,1.3986219999553755,0.16192636554265338,0.5454545454545454,1.240559810345175,27.272727272727273,0.5260339801526631
FEPS,outside_signal_coverage,mar_signal_only,std_turn,False,11,0.001514425050426378,0.959347364272362,0.3373837820035359,0.5454545454545454,0.014331604585790055,27.272727272727273,0.5260339801526631
FEPS,outside_signal_coverage,mar_signal_only,turn,False,11,-0.03337013179245092,-0.744170151929,0.4567735430526253,0.45454545454545453,0.22482020378459827,27.272727272727273,0.5260339801526631
FEPS,outside_signal_coverage,mar_signal_only,x_mar_filled,True,11,-0.21763916298594171,-0.6744280137194266,0.5000392376288312,0.7272727272727273,2.1959669635923436,27.272727272727273,0.5260339801526631
