signal,sample_name,specification,coefficient,is_focus_regressor,n_obs,r_squared,coefficient_value,t_stat,p_value
AnalystRevision,full,baseline_missing_only,age,False,1434781,0.0011855847490512827,5.800602757006739e-05,3.7886563724985374,0.00015146424399893865
AnalystRevision,full,baseline_missing_only,baspread,False,1434781,0.0011855847490512827,0.07517314162606992,3.5818382313350154,0.00034118504635033273
AnalystRevision,full,baseline_missing_only,beta,False,1434781,0.0011855847490512827,-0.0013562132408424638,-3.77169761133854,0.00016214067617478288
AnalystRevision,full,baseline_missing_only,bm,False,1434781,0.0011855847490512827,0.0036485543990454577,8.542530915680556,1.3131355340822123e-17
AnalystRevision,full,baseline_missing_only,const,False,1434781,0.0011855847490512827,0.02440042248851544,9.8510613590309,6.782392041695772e-23
AnalystRevision,full,baseline_missing_only,idiovol,False,1434781,0.0011855847490512827,-0.04012904842471537,-4.367372212391895,1.2575032468238446e-05
AnalystRevision,full,baseline_missing_only,ill,False,1434781,0.0011855847490512827,151.27283903936782,6.116465885115468,9.567335654677098e-10
AnalystRevision,full,baseline_missing_only,maxret,False,1434781,0.0011855847490512827,-0.07343630621581082,-6.725680256418066,1.7477397768058144e-11
AnalystRevision,full,baseline_missing_only,missing_indicator,True,1434781,0.0011855847490512827,-0.0010674943630837063,-2.0931432143657602,0.03633637205819284
AnalystRevision,full,baseline_missing_only,mom1m,False,1434781,0.0011855847490512827,0.0011586284662905115,0.5651384204823854,0.5719796175870077
AnalystRevision,full,baseline_missing_only,mve,False,1434781,0.0011855847490512827,-0.0011196660864127021,-7.756023791535398,8.76335913557291e-15
AnalystRevision,full,baseline_missing_only,retvol,False,1434781,0.0011855847490512827,0.23421864579283758,5.989625485636913,2.1032479876978423e-09
AnalystRevision,full,baseline_missing_only,std_dolvol,False,1434781,0.0011855847490512827,-0.0022240468560083488,-3.0893034981614726,0.0020062637444446143
AnalystRevision,full,baseline_missing_only,std_turn,False,1434781,0.0011855847490512827,1.3960169234848732e-05,0.4561622015133885,0.6482733439464123
AnalystRevision,full,baseline_missing_only,turn,False,1434781,0.0011855847490512827,-0.000928384109269681,-5.1568139416386,2.51187172363107e-07
AnalystRevision,full,mar_signal_only,age,False,1434781,0.0011816200989486214,5.345576028580219e-05,3.502235721800951,0.0004613712373240928
AnalystRevision,full,mar_signal_only,baspread,False,1434781,0.0011816200989486214,0.07519273098080406,3.5826418639684876,0.00034013678878151514
AnalystRevision,full,mar_signal_only,beta,False,1434781,0.0011816200989486214,-0.0012686695466593856,-3.5601795606085926,0.00037060129556491377
AnalystRevision,full,mar_signal_only,bm,False,1434781,0.0011816200989486214,0.0036445654894295167,8.53392126559701,1.4146913522930706e-17
AnalystRevision,full,mar_signal_only,const,False,1434781,0.0011816200989486214,0.023487389107862185,9.556063213521194,1.2232138963306472e-21
AnalystRevision,full,mar_signal_only,idiovol,False,1434781,0.0011816200989486214,-0.042131239861378116,-4.593194182821205,4.365125302003893e-06
AnalystRevision,full,mar_signal_only,ill,False,1434781,0.0011816200989486214,150.21400914405768,6.077698596276838,1.2191963916281803e-09
AnalystRevision,full,mar_signal_only,maxret,False,1434781,0.0011816200989486214,-0.07346795727424359,-6.728919168620589,1.709279696143375e-11
AnalystRevision,full,mar_signal_only,mom1m,False,1434781,0.0011816200989486214,0.0011172897544640661,0.5447737715211497,0.5859091198883546
AnalystRevision,full,mar_signal_only,mve,False,1434781,0.0011816200989486214,-0.0010529368663453262,-7.39906863840172,1.371429553256051e-13
AnalystRevision,full,mar_signal_only,retvol,False,1434781,0.0011816200989486214,0.2346059774734833,6.000100111149595,1.971959128134293e-09
AnalystRevision,full,mar_signal_only,std_dolvol,False,1434781,0.0011816200989486214,-0.0024155052321375436,-3.3880099761025653,0.0007040170362191785
AnalystRevision,full,mar_signal_only,std_turn,False,1434781,0.0011816200989486214,1.4628716761334414e-05,0.4785028544543149,0.6322923431241144
AnalystRevision,full,mar_signal_only,turn,False,1434781,0.0011816200989486214,-0.0009244053729095777,-5.1371491033349646,2.789376398686639e-07
AnalystRevision,full,mar_signal_only,x_mar_filled,True,1434781,0.0011816200989486214,3.6684392947945067e-05,0.29781605638833575,0.7658435591039875
AnalystRevision,full,missing_plus_mar_signal,age,False,1434781,0.001185672733159171,5.800734312771418e-05,3.788736808255891,0.00015141521990827465
AnalystRevision,full,missing_plus_mar_signal,baspread,False,1434781,0.001185672733159171,0.0751827971901697,3.5822242060030858,0.0003406812047595991
AnalystRevision,full,missing_plus_mar_signal,beta,False,1434781,0.001185672733159171,-0.001355961192463883,-3.771093426315912,0.00016253380310116914
AnalystRevision,full,missing_plus_mar_signal,bm,False,1434781,0.001185672733159171,0.0036487505279263486,8.542363286488612,1.3150423849962235e-17
AnalystRevision,full,missing_plus_mar_signal,const,False,1434781,0.001185672733159171,0.024365050533403338,9.833296588690963,8.092545944638836e-23
AnalystRevision,full,missing_plus_mar_signal,idiovol,False,1434781,0.001185672733159171,-0.040140524003321604,-4.367850614032747,1.254752658266002e-05
AnalystRevision,full,missing_plus_mar_signal,ill,False,1434781,0.001185672733159171,151.27630399448884,6.116609340612404,9.558730916469102e-10
AnalystRevision,full,missing_plus_mar_signal,maxret,False,1434781,0.001185672733159171,-0.07343805842213098,-6.725811526436124,1.7461646796865164e-11
AnalystRevision,full,missing_plus_mar_signal,missing_indicator,True,1434781,0.001185672733159171,-0.0010672253763575558,-2.092672709536955,0.03637838102252727
AnalystRevision,full,missing_plus_mar_signal,mom1m,False,1434781,0.001185672733159171,0.0011595401122259095,0.5655288624594662,0.5717140984407723
AnalystRevision,full,missing_plus_mar_signal,mve,False,1434781,0.001185672733159171,-0.0011197175589284644,-7.75606966958515,8.760191181081e-15
AnalystRevision,full,missing_plus_mar_signal,retvol,False,1434781,0.001185672733159171,0.23423750069803279,5.990043882659597,2.097844252137853e-09
AnalystRevision,full,missing_plus_mar_signal,std_dolvol,False,1434781,0.001185672733159171,-0.0022244555334899807,-3.089855238744912,0.0020025407198647443
AnalystRevision,full,missing_plus_mar_signal,std_turn,False,1434781,0.001185672733159171,1.3930918159610787e-05,0.45517281249538394,0.6489849182010874
AnalystRevision,full,missing_plus_mar_signal,turn,False,1434781,0.001185672733159171,-0.0009286670147916891,-5.161158039785616,2.4542687386312047e-07
AnalystRevision,full,missing_plus_mar_signal,x_mar_filled,True,1434781,0.001185672733159171,3.6263398463976016e-05,0.29436404429604385,0.768479738872055
AnalystRevision,within_signal_coverage,baseline_missing_only,age,False,1429025,0.0011842192480201463,5.802034800026611e-05,3.786614677116925,0.00015271363388642188
AnalystRevision,within_signal_coverage,baseline_missing_only,baspread,False,1429025,0.0011842192480201463,0.08005920796407509,3.7911318611507423,0.0001499623057471303
AnalystRevision,within_signal_coverage,baseline_missing_only,beta,False,1429025,0.0011842192480201463,-0.0014069487107242385,-3.9082997097152576,9.294795752140272e-05
AnalystRevision,within_signal_coverage,baseline_missing_only,bm,False,1429025,0.0011842192480201463,0.003623485974857591,8.466037555933413,2.5388233507212186e-17
AnalystRevision,within_signal_coverage,baseline_missing_only,const,False,1429025,0.0011842192480201463,0.024508171602611647,9.888376087719433,4.6755048907251136e-23
AnalystRevision,within_signal_coverage,baseline_missing_only,idiovol,False,1429025,0.0011842192480201463,-0.0393658689330956,-4.275381453147343,1.9081031138629726e-05
AnalystRevision,within_signal_coverage,baseline_missing_only,ill,False,1429025,0.0011842192480201463,151.37057620177399,6.045233602335767,1.4919367506486495e-09
AnalystRevision,within_signal_coverage,baseline_missing_only,maxret,False,1429025,0.0011842192480201463,-0.07101568730107863,-6.498661586579121,8.103772294873039e-11
AnalystRevision,within_signal_coverage,baseline_missing_only,missing_indicator,True,1429025,0.0011842192480201463,-0.000907440699456318,-1.774503159810414,0.07597995989301598
AnalystRevision,within_signal_coverage,baseline_missing_only,mom1m,False,1429025,0.0011842192480201463,0.0010375894811707968,0.5052277905898009,0.6133988533290908
AnalystRevision,within_signal_coverage,baseline_missing_only,mve,False,1429025,0.0011842192480201463,-0.0011225521504366976,-7.775019209249631,7.543595779647598e-15
AnalystRevision,within_signal_coverage,baseline_missing_only,retvol,False,1429025,0.0011842192480201463,0.22347750695960084,5.720493412494629,1.0621514659176744e-08
AnalystRevision,within_signal_coverage,baseline_missing_only,std_dolvol,False,1429025,0.0011842192480201463,-0.0023545576579112777,-3.259217691228315,0.0011171990715700495
AnalystRevision,within_signal_coverage,baseline_missing_only,std_turn,False,1429025,0.0011842192480201463,1.508324511881701e-05,0.4895221041638517,0.6244721093368407
AnalystRevision,within_signal_coverage,baseline_missing_only,turn,False,1429025,0.0011842192480201463,-0.0009326534382355887,-5.161831912829001,2.4454482608434063e-07
AnalystRevision,within_signal_coverage,mar_signal_only,age,False,1429025,0.0011813831706197764,5.4130420279009143e-05,3.5431493417793667,0.0003953787323250837
AnalystRevision,within_signal_coverage,mar_signal_only,baspread,False,1429025,0.0011813831706197764,0.08006937740037998,3.791514342484943,0.00014973149953976424
AnalystRevision,within_signal_coverage,mar_signal_only,beta,False,1429025,0.0011813831706197764,-0.0013330487275489173,-3.7355827017936427,0.0001872810160153833
AnalystRevision,within_signal_coverage,mar_signal_only,bm,False,1429025,0.0011813831706197764,0.0036192265599010775,8.457174926387827,2.7393284518011583e-17
AnalystRevision,within_signal_coverage,mar_signal_only,const,False,1429025,0.0011813831706197764,0.023734779826641322,9.644858368018367,5.168248886129056e-22
AnalystRevision,within_signal_coverage,mar_signal_only,idiovol,False,1429025,0.0011813831706197764,-0.04106339818160648,-4.466656488461393,7.945155033248676e-06
AnalystRevision,within_signal_coverage,mar_signal_only,ill,False,1429025,0.0011813831706197764,150.4546113219395,6.012566665858647,1.8260869625923548e-09
AnalystRevision,within_signal_coverage,mar_signal_only,maxret,False,1429025,0.0011813831706197764,-0.07104223394991682,-6.501393082932862,7.95795865141111e-11
AnalystRevision,within_signal_coverage,mar_signal_only,mom1m,False,1429025,0.0011813831706197764,0.0010021425876190278,0.4877791489951815,0.6257062820515584
AnalystRevision,within_signal_coverage,mar_signal_only,mve,False,1429025,0.0011813831706197764,-0.001066351088624424,-7.486761590276944,7.059376609998775e-14
AnalystRevision,within_signal_coverage,mar_signal_only,retvol,False,1429025,0.0011813831706197764,0.22382960445462596,5.730025238166912,1.0041569304594143e-08
AnalystRevision,within_signal_coverage,mar_signal_only,std_dolvol,False,1429025,0.0011813831706197764,-0.0025155659173331964,-3.5158469325272197,0.00043835362883357185
AnalystRevision,within_signal_coverage,mar_signal_only,std_turn,False,1429025,0.0011813831706197764,1.563852487660007e-05,0.5080597915059513,0.6114114122273058
AnalystRevision,within_signal_coverage,mar_signal_only,turn,False,1429025,0.0011813831706197764,-0.000929335759206836,-5.1459075674878765,2.6623049714331975e-07
AnalystRevision,within_signal_coverage,mar_signal_only,x_mar_filled,True,1429025,0.0011813831706197764,3.6525420854548646e-05,0.2965064950664707,0.7668433075182802
AnalystRevision,within_signal_coverage,missing_plus_mar_signal,age,False,1429025,0.0011843074401008957,5.8021631441521404e-05,3.786693042001376,0.0001526655009771172
AnalystRevision,within_signal_coverage,missing_plus_mar_signal,baspread,False,1429025,0.0011843074401008957,0.08006883457369751,3.7915093146346086,0.00014973453139729224
AnalystRevision,within_signal_coverage,missing_plus_mar_signal,beta,False,1429025,0.0011843074401008957,-0.0014066976152923212,-3.907702703122566,9.317786008438939e-05
AnalystRevision,within_signal_coverage,missing_plus_mar_signal,bm,False,1429025,0.0011843074401008957,0.0036236807216566435,8.465872754676953,2.5424161869448368e-17
AnalystRevision,within_signal_coverage,missing_plus_mar_signal,const,False,1429025,0.0011843074401008957,0.024472886580753278,9.870648274338889,5.580278523774735e-23
AnalystRevision,within_signal_coverage,missing_plus_mar_signal,idiovol,False,1429025,0.0011843074401008957,-0.03937730523010708,-4.2758666561867225,1.9039516296347358e-05
AnalystRevision,within_signal_coverage,missing_plus_mar_signal,ill,False,1429025,0.0011843074401008957,151.37403723552845,6.045375060724227,1.4906282622145347e-09
AnalystRevision,within_signal_coverage,missing_plus_mar_signal,maxret,False,1429025,0.0011843074401008957,-0.07101744196059516,-6.498793826832525,8.096653212135293e-11
AnalystRevision,within_signal_coverage,missing_plus_mar_signal,missing_indicator,True,1429025,0.0011843074401008957,-0.0009071718565898745,-1.7740257503311925,0.07605889105135454
AnalystRevision,within_signal_coverage,missing_plus_mar_signal,mom1m,False,1429025,0.0011843074401008957,0.0010385035216403102,0.505624001081915,0.6131206293164229
AnalystRevision,within_signal_coverage,missing_plus_mar_signal,mve,False,1429025,0.0011843074401008957,-0.0011226031416486592,-7.775062682650383,7.54100554573219e-15
AnalystRevision,within_signal_coverage,missing_plus_mar_signal,retvol,False,1429025,0.0011843074401008957,0.22349628916920836,5.720913285031868,1.059529663241425e-08
AnalystRevision,within_signal_coverage,missing_plus_mar_signal,std_dolvol,False,1429025,0.0011843074401008957,-0.002354962619952213,-3.259761718661094,0.0011150585021640583
AnalystRevision,within_signal_coverage,missing_plus_mar_signal,std_turn,False,1429025,0.0011843074401008957,1.5054045395318427e-05,0.48853861293073886,0.6251683824551483
AnalystRevision,within_signal_coverage,missing_plus_mar_signal,turn,False,1429025,0.0011843074401008957,-0.000932935631903919,-5.166158220661883,2.389545359892823e-07
AnalystRevision,within_signal_coverage,missing_plus_mar_signal,x_mar_filled,True,1429025,0.0011843074401008957,3.6169998098999126e-05,0.29359350293804537,0.7690685410081204
AnalystRevision,outside_signal_coverage,mar_signal_only,age,False,5756,0.007953290436579552,-0.0005343838867662368,-1.2883516217115125,0.19762359111859418
AnalystRevision,outside_signal_coverage,mar_signal_only,baspread,False,5756,0.007953290436579552,-0.3422686410747144,-1.7034267936613243,0.08848822706569613
AnalystRevision,outside_signal_coverage,mar_signal_only,beta,False,5756,0.007953290436579552,0.004313033831148285,0.6067595112650804,0.5440105216672696
AnalystRevision,outside_signal_coverage,mar_signal_only,bm,False,5756,0.007953290436579552,0.003694516926146309,0.4658119189721255,0.6413501328507191
AnalystRevision,outside_signal_coverage,mar_signal_only,const,False,5756,0.007953290436579552,-0.016038385574067435,-0.06600800291894424,0.9473714539446491
AnalystRevision,outside_signal_coverage,mar_signal_only,idiovol,False,5756,0.007953290436579552,-0.1292474735921013,-0.6712046710108344,0.5020901534275739
AnalystRevision,outside_signal_coverage,mar_signal_only,ill,False,5756,0.007953290436579552,97.10343805212224,0.5719961990021594,0.5673245497350337
AnalystRevision,outside_signal_coverage,mar_signal_only,maxret,False,5756,0.007953290436579552,-0.3568707610933338,-2.0403099296624987,0.041319466440387996
AnalystRevision,outside_signal_coverage,mar_signal_only,mom1m,False,5756,0.007953290436579552,0.005354096915204148,0.17062240141937662,0.864520682430463
AnalystRevision,outside_signal_coverage,mar_signal_only,mve,False,5756,0.007953290436579552,-0.0001525300272782954,-0.04114732441731912,0.9671784470981301
AnalystRevision,outside_signal_coverage,mar_signal_only,retvol,False,5756,0.007953290436579552,1.4274454494463282,1.9752759484047744,0.048236841139614475
AnalystRevision,outside_signal_coverage,mar_signal_only,std_dolvol,False,5756,0.007953290436579552,0.02489473366668251,2.2807541625006302,0.022562998162913007
AnalystRevision,outside_signal_coverage,mar_signal_only,std_turn,False,5756,0.007953290436579552,-0.00011298935769391322,-0.47119252906920334,0.63750325332225
AnalystRevision,outside_signal_coverage,mar_signal_only,turn,False,5756,0.007953290436579552,-0.002136037940021303,-0.8674974677792754,0.38566949862136046
AnalystRevision,outside_signal_coverage,mar_signal_only,x_mar_filled,True,5756,0.007953290436579552,-0.0001541865962188197,-0.0006323390169553999,0.9994954664948013
REV6,full,baseline_missing_only,age,False,1438769,0.0012543352951617237,8.815075370378317e-05,5.621642724645677,1.8915013444980237e-08
REV6,full,baseline_missing_only,baspread,False,1438769,0.0012543352951617237,0.08016210175189718,3.8485527931205645,0.00011881769261766297
REV6,full,baseline_missing_only,beta,False,1438769,0.0012543352951617237,-0.002225672241033872,-6.171977340891285,6.744116775400682e-10
REV6,full,baseline_missing_only,bm,False,1438769,0.0012543352951617237,0.003953795163083621,9.370508068798465,7.218421089784305e-21
REV6,full,baseline_missing_only,const,False,1438769,0.0012543352951617237,0.026272756579318685,10.56688577877803,4.243526971872475e-26
REV6,full,baseline_missing_only,idiovol,False,1438769,0.0012543352951617237,-0.025890812434827153,-2.771109787452201,0.005586558709588893
REV6,full,baseline_missing_only,ill,False,1438769,0.0012543352951617237,155.6005044276979,6.33775467603815,2.3313764634993936e-10
REV6,full,baseline_missing_only,maxret,False,1438769,0.0012543352951617237,-0.07737136241451256,-7.108518730487498,1.1729498227274823e-12
REV6,full,baseline_missing_only,missing_indicator,True,1438769,0.0012543352951617237,-0.002325057550504213,-4.545985217332432,5.467887415039139e-06
REV6,full,baseline_missing_only,mom1m,False,1438769,0.0012543352951617237,0.002483538968638536,1.2116520551098333,0.2256455992618821
REV6,full,baseline_missing_only,mve,False,1438769,0.0012543352951617237,-0.0012679788124004125,-8.695674167767168,3.447765097933974e-18
REV6,full,baseline_missing_only,retvol,False,1438769,0.0012543352951617237,0.2341838035909121,6.029165229154629,1.6480872601978877e-09
REV6,full,baseline_missing_only,std_dolvol,False,1438769,0.0012543352951617237,-0.0026192683570642,-3.6509481179157084,0.00026127401995951893
REV6,full,baseline_missing_only,std_turn,False,1438769,0.0012543352951617237,2.8069158471267008e-05,0.8236901412796737,0.4101156425941612
REV6,full,baseline_missing_only,turn,False,1438769,0.0012543352951617237,-0.0008625518397639363,-4.219110887367481,2.4526762863214238e-05
REV6,full,mar_signal_only,age,False,1438769,0.0012363230735248365,7.219396456792009e-05,4.6529811095766584,3.2717023091351917e-06
REV6,full,mar_signal_only,baspread,False,1438769,0.0012363230735248365,0.08012483326212681,3.8467239287186676,0.00011970772324935262
REV6,full,mar_signal_only,beta,False,1438769,0.0012363230735248365,-0.002000391068812131,-5.626087599178896,1.8434275812086753e-08
REV6,full,mar_signal_only,bm,False,1438769,0.0012363230735248365,0.003913615044645107,9.281335986838668,1.673666339274568e-20
REV6,full,mar_signal_only,const,False,1438769,0.0012363230735248365,0.023941418229490675,9.71734425330785,2.543281555431663e-22
REV6,full,mar_signal_only,idiovol,False,1438769,0.0012363230735248365,-0.03088849152995534,-3.3316447147530184,0.0008633439924047325
REV6,full,mar_signal_only,ill,False,1438769,0.0012363230735248365,153.6086193214633,6.261307295879041,3.8176337703153043e-10
REV6,full,mar_signal_only,maxret,False,1438769,0.0012363230735248365,-0.07774302495507845,-7.14379117871782,9.079129704796293e-13
REV6,full,mar_signal_only,mom1m,False,1438769,0.0012363230735248365,0.0023925208671323355,1.1672353144563936,0.24311535313690225
REV6,full,mar_signal_only,mve,False,1438769,0.0012363230735248365,-0.0010852560831308455,-7.549766230410939,4.360401861751692e-14
REV6,full,mar_signal_only,retvol,False,1438769,0.0012363230735248365,0.23563321170659177,6.066861578674994,1.304338788644983e-09
REV6,full,mar_signal_only,std_dolvol,False,1438769,0.0012363230735248365,-0.002993576617728493,-4.202424491319089,2.6407134672707024e-05
REV6,full,mar_signal_only,std_turn,False,1438769,0.0012363230735248365,2.9493691766206357e-05,0.8662574768535637,0.38634897990984285
REV6,full,mar_signal_only,turn,False,1438769,0.0012363230735248365,-0.0008516742314976355,-4.1670522360970566,3.085638102777415e-05
REV6,full,mar_signal_only,x_mar_filled,True,1438769,0.0012363230735248365,1.8112593309004646e-06,0.6421179239502444,0.5207966188676512
REV6,full,missing_plus_mar_signal,age,False,1438769,0.001254534568885246,8.812220444133926e-05,5.619760087345838,1.9122280994274253e-08
REV6,full,missing_plus_mar_signal,baspread,False,1438769,0.001254534568885246,0.08016707716683917,3.8487887269510486,0.00011870332911044561
REV6,full,missing_plus_mar_signal,beta,False,1438769,0.001254534568885246,-0.0022247778650330736,-6.169254748978495,6.861260802337137e-10
REV6,full,missing_plus_mar_signal,bm,False,1438769,0.001254534568885246,0.003954210878370466,9.371450859491336,7.15422387816667e-21
REV6,full,missing_plus_mar_signal,const,False,1438769,0.001254534568885246,0.02627221811488518,10.566649278730823,4.2542385631091284e-26
REV6,full,missing_plus_mar_signal,idiovol,False,1438769,0.001254534568885246,-0.025909589435317112,-2.773082195302216,0.005552809332096428
REV6,full,missing_plus_mar_signal,ill,False,1438769,0.001254534568885246,155.604559111222,6.337917290781044,2.328917829950025e-10
REV6,full,missing_plus_mar_signal,maxret,False,1438769,0.001254534568885246,-0.07737551357298644,-7.108882925213406,1.1698592707328567e-12
REV6,full,missing_plus_mar_signal,missing_indicator,True,1438769,0.001254534568885246,-0.002324646671653173,-4.545131862052125,5.490087348056338e-06
REV6,full,missing_plus_mar_signal,mom1m,False,1438769,0.001254534568885246,0.002484831243436545,1.2122730987151578,0.2254078579141774
REV6,full,missing_plus_mar_signal,mve,False,1438769,0.001254534568885246,-0.0012679170579300786,-8.695203356074332,3.4620916744696364e-18
REV6,full,missing_plus_mar_signal,retvol,False,1438769,0.001254534568885246,0.23418688194532533,6.029238422012931,1.6473411039562958e-09
REV6,full,missing_plus_mar_signal,std_dolvol,False,1438769,0.001254534568885246,-0.0026189278831231884,-3.6504667858938378,0.0002617641588994437
REV6,full,missing_plus_mar_signal,std_turn,False,1438769,0.001254534568885246,2.8017991877578274e-05,0.8221732765809578,0.41097828574141415
REV6,full,missing_plus_mar_signal,turn,False,1438769,0.001254534568885246,-0.0008625981587155962,-4.219325955565386,2.450337968013696e-05
REV6,full,missing_plus_mar_signal,x_mar_filled,True,1438769,0.001254534568885246,1.7824671893871014e-06,0.6299960931308489,0.5286971403659733
REV6,within_signal_coverage,baseline_missing_only,age,False,1414687,0.001230497640606787,8.290800862620684e-05,5.249024929665621,1.5290638436689062e-07
REV6,within_signal_coverage,baseline_missing_only,baspread,False,1414687,0.001230497640606787,0.09068808411739579,4.260126551439916,2.0431118890324955e-05
REV6,within_signal_coverage,baseline_missing_only,beta,False,1414687,0.001230497640606787,-0.002263795953614261,-6.237484447637887,4.4466329951884725e-10
REV6,within_signal_coverage,baseline_missing_only,bm,False,1414687,0.001230497640606787,0.0038672804255212565,9.087391875543027,1.014432105133903e-19
REV6,within_signal_coverage,baseline_missing_only,const,False,1414687,0.001230497640606787,0.02494125068579283,9.97381536705699,1.9845545076601834e-23
REV6,within_signal_coverage,baseline_missing_only,idiovol,False,1414687,0.001230497640606787,-0.02284889882545651,-2.3997842445126447,0.016404737837084925
REV6,within_signal_coverage,baseline_missing_only,ill,False,1414687,0.001230497640606787,152.49614898092227,5.941731030950706,2.820279000477621e-09
REV6,within_signal_coverage,baseline_missing_only,maxret,False,1414687,0.001230497640606787,-0.07554053353029908,-6.852831886001212,7.240215600501141e-12
REV6,within_signal_coverage,baseline_missing_only,missing_indicator,True,1414687,0.001230497640606787,-0.0015792211475048287,-3.0371624226915275,0.002388167344365281
REV6,within_signal_coverage,baseline_missing_only,mom1m,False,1414687,0.001230497640606787,0.0022674353522570594,1.0973420864254049,0.27249187961397037
REV6,within_signal_coverage,baseline_missing_only,mve,False,1414687,0.001230497640606787,-0.001176692365666808,-8.04583269472174,8.566095246358437e-16
REV6,within_signal_coverage,baseline_missing_only,retvol,False,1414687,0.001230497640606787,0.21820185685877624,5.5554645598199075,2.768743892104514e-08
REV6,within_signal_coverage,baseline_missing_only,std_dolvol,False,1414687,0.001230497640606787,-0.002590338570174167,-3.5717627142293247,0.00035458661054700493
REV6,within_signal_coverage,baseline_missing_only,std_turn,False,1414687,0.001230497640606787,3.466172396397157e-05,0.9893770824661946,0.3224786829721832
REV6,within_signal_coverage,baseline_missing_only,turn,False,1414687,0.001230497640606787,-0.0008833062618581858,-4.259093471167602,2.0525763236190124e-05
REV6,within_signal_coverage,mar_signal_only,age,False,1414687,0.0012223078350731553,7.214302177106714e-05,4.610203456060173,4.022750835007145e-06
REV6,within_signal_coverage,mar_signal_only,baspread,False,1414687,0.0012223078350731553,0.09067956823141247,4.259691155299763,2.047095638818262e-05
REV6,within_signal_coverage,mar_signal_only,beta,False,1414687,0.0012223078350731553,-0.002116422816806317,-5.905888016851929,3.507521811740653e-09
REV6,within_signal_coverage,mar_signal_only,bm,False,1414687,0.0012223078350731553,0.0038356346290666764,9.020059889465637,1.879865029433393e-19
REV6,within_signal_coverage,mar_signal_only,const,False,1414687,0.0012223078350731553,0.023439520476340302,9.441620313154779,3.670587008064892e-21
REV6,within_signal_coverage,mar_signal_only,idiovol,False,1414687,0.0012223078350731553,-0.02624676010270686,-2.777966666639886,0.005470022938873715
REV6,within_signal_coverage,mar_signal_only,ill,False,1414687,0.0012223078350731553,150.99364929352816,5.8881113493709645,3.906339065355198e-09
REV6,within_signal_coverage,mar_signal_only,maxret,False,1414687,0.0012223078350731553,-0.07579199700394498,-6.876518271513183,6.133307189397957e-12
REV6,within_signal_coverage,mar_signal_only,mom1m,False,1414687,0.0012223078350731553,0.002205134946555827,1.0671662982664405,0.2858967481194532
REV6,within_signal_coverage,mar_signal_only,mve,False,1414687,0.0012223078350731553,-0.001057888991684769,-7.318056239204104,2.51588431120654e-13
REV6,within_signal_coverage,mar_signal_only,retvol,False,1414687,0.0012223078350731553,0.21918728580974267,5.580637812576504,2.3963819042731827e-08
REV6,within_signal_coverage,mar_signal_only,std_dolvol,False,1414687,0.0012223078350731553,-0.002837139387442906,-3.9388273843573476,8.18808108014317e-05
REV6,within_signal_coverage,mar_signal_only,std_turn,False,1414687,0.0012223078350731553,3.5576326832106077e-05,1.0163632249752776,0.3094564510789024
REV6,within_signal_coverage,mar_signal_only,turn,False,1414687,0.0012223078350731553,-0.0008759637198667465,-4.224803454399721,2.3914940465497093e-05
REV6,within_signal_coverage,mar_signal_only,x_mar_filled,True,1414687,0.0012223078350731553,1.7877547681663531e-06,0.6338107904172882,0.5262043103526837
REV6,within_signal_coverage,missing_plus_mar_signal,age,False,1414687,0.001230699789340317,8.287916173416463e-05,5.2471386371504,1.544796527183771e-07
REV6,within_signal_coverage,missing_plus_mar_signal,baspread,False,1414687,0.001230699789340317,0.09069338582654735,4.260372461460682,2.0408651459520835e-05
REV6,within_signal_coverage,missing_plus_mar_signal,beta,False,1414687,0.001230699789340317,-0.002262890924779364,-6.234739360562667,4.525309016894012e-10
REV6,within_signal_coverage,missing_plus_mar_signal,bm,False,1414687,0.001230699789340317,0.0038677017468450856,9.088341345799225,1.0056139062828148e-19
REV6,within_signal_coverage,missing_plus_mar_signal,const,False,1414687,0.001230699789340317,0.02494074249822885,9.973595484941741,1.9889544978277114e-23
REV6,within_signal_coverage,missing_plus_mar_signal,idiovol,False,1414687,0.001230699789340317,-0.022868107802178374,-2.4017673942579174,0.01631607961280494
REV6,within_signal_coverage,missing_plus_mar_signal,ill,False,1414687,0.001230699789340317,152.50050795208426,5.9418985637529875,2.8173974835425968e-09
REV6,within_signal_coverage,missing_plus_mar_signal,maxret,False,1414687,0.001230699789340317,-0.07554474209973765,-6.853196023799812,7.221801679240489e-12
REV6,within_signal_coverage,missing_plus_mar_signal,missing_indicator,True,1414687,0.001230699789340317,-0.0015788116801435446,-3.0363421289700443,0.002394674738948881
REV6,within_signal_coverage,missing_plus_mar_signal,mom1m,False,1414687,0.001230699789340317,0.0022687404031678155,1.0979649597500678,0.27221979034989463
REV6,within_signal_coverage,missing_plus_mar_signal,mve,False,1414687,0.001230699789340317,-0.001176632050910763,-8.045378422104765,8.597932226103827e-16
REV6,within_signal_coverage,missing_plus_mar_signal,retvol,False,1414687,0.001230699789340317,0.21820429138981418,5.555520702247177,2.767854060697467e-08
REV6,within_signal_coverage,missing_plus_mar_signal,std_dolvol,False,1414687,0.001230699789340317,-0.0025899907433204806,-3.5712767199788296,0.0003552453211489491
REV6,within_signal_coverage,missing_plus_mar_signal,std_turn,False,1414687,0.001230699789340317,3.461165311533804e-05,0.9879309407658722,0.32318647100532816
REV6,within_signal_coverage,missing_plus_mar_signal,turn,False,1414687,0.001230699789340317,-0.0008833509856972459,-4.259298206128891,2.050697359662081e-05
REV6,within_signal_coverage,missing_plus_mar_signal,x_mar_filled,True,1414687,0.001230699789340317,1.7687116488804304e-06,0.625798830037838,0.5314468993342463
REV6,outside_signal_coverage,mar_signal_only,age,False,24082,0.006776733892856934,0.0003236227916388584,2.3026356400322725,0.02129935213904801
REV6,outside_signal_coverage,mar_signal_only,baspread,False,24082,0.006776733892856934,-0.12087405140584431,-1.2264367299030035,0.22003437111747326
REV6,outside_signal_coverage,mar_signal_only,beta,False,24082,0.006776733892856934,-0.00395892919754781,-1.2353602691589858,0.21669645250163783
REV6,outside_signal_coverage,mar_signal_only,bm,False,24082,0.006776733892856934,0.002890355459055154,0.8906934344407283,0.37309365802357775
REV6,outside_signal_coverage,mar_signal_only,const,False,24082,0.006776733892856934,0.14559989303160537,5.164763312301409,2.407433584212286e-07
REV6,outside_signal_coverage,mar_signal_only,idiovol,False,24082,0.006776733892856934,-0.1171022159567171,-2.2016607040015796,0.027689284463312053
REV6,outside_signal_coverage,mar_signal_only,ill,False,24082,0.006776733892856934,95.67231435525356,1.0882916351719922,0.2764663821154254
REV6,outside_signal_coverage,mar_signal_only,maxret,False,24082,0.006776733892856934,-0.09812050632436026,-1.4071812419467153,0.15937365243493373
REV6,outside_signal_coverage,mar_signal_only,mom1m,False,24082,0.006776733892856934,0.010104087911835659,0.6603032822064778,0.5090592242582179
REV6,outside_signal_coverage,mar_signal_only,mve,False,24082,0.006776733892856934,-0.013221850847299352,-5.883049434808345,4.027755580305126e-09
REV6,outside_signal_coverage,mar_signal_only,retvol,False,24082,0.006776733892856934,0.4662860770450983,1.865019093003566,0.062178728002193796
REV6,outside_signal_coverage,mar_signal_only,std_dolvol,False,24082,0.006776733892856934,0.002318761598891484,0.507999881238952,0.611453426499835
REV6,outside_signal_coverage,mar_signal_only,std_turn,False,24082,0.006776733892856934,-0.0002942777659991352,-1.9178263455983973,0.05513303399300734
REV6,outside_signal_coverage,mar_signal_only,turn,False,24082,0.006776733892856934,-0.0011348072304362563,-0.9640939133074883,0.3349988440268792
REV6,outside_signal_coverage,mar_signal_only,x_mar_filled,True,24082,0.006776733892856934,0.004159827052536233,1.4696877153839185,0.14164635135281484
ForecastDispersion,full,baseline_missing_only,age,False,1426118,0.0011455711156740378,3.510096352845403e-05,2.3013908741583347,0.02136954728377084
ForecastDispersion,full,baseline_missing_only,baspread,False,1426118,0.0011455711156740378,0.025907808702159463,1.2308151894483557,0.21839199320138092
ForecastDispersion,full,baseline_missing_only,beta,False,1426118,0.0011455711156740378,-0.0013596390693089134,-3.797644900135779,0.0001460773865708375
ForecastDispersion,full,baseline_missing_only,bm,False,1426118,0.0011455711156740378,0.003316743768606788,7.760332586852678,8.470695257225409e-15
ForecastDispersion,full,baseline_missing_only,const,False,1426118,0.0011455711156740378,0.029107358060948017,11.584151308123674,4.958532703699826e-31
ForecastDispersion,full,baseline_missing_only,idiovol,False,1426118,0.0011455711156740378,-0.016571770380467147,-1.8082106694535383,0.07057371868101148
ForecastDispersion,full,baseline_missing_only,ill,False,1426118,0.0011455711156740378,147.9293951781346,5.3767185857019575,7.585559374427356e-08
ForecastDispersion,full,baseline_missing_only,maxret,False,1426118,0.0011455711156740378,-0.07100775782424748,-6.500012478169612,8.031334971131019e-11
ForecastDispersion,full,baseline_missing_only,missing_indicator,True,1426118,0.0011455711156740378,-0.005028344178809057,-13.939099189899421,3.6653716028389015e-44
ForecastDispersion,full,baseline_missing_only,mom1m,False,1426118,0.0011455711156740378,0.0028587738475307684,1.3939862553909412,0.16332175522007497
ForecastDispersion,full,baseline_missing_only,mve,False,1426118,0.0011455711156740378,-0.0013565221840040615,-9.31407167269455,1.2302362094658481e-20
ForecastDispersion,full,baseline_missing_only,retvol,False,1426118,0.0011455711156740378,0.23302845165332262,5.955579227295609,2.5915231439016998e-09
ForecastDispersion,full,baseline_missing_only,std_dolvol,False,1426118,0.0011455711156740378,0.0003775542088038913,0.5249816476052654,0.5995959489693916
ForecastDispersion,full,baseline_missing_only,std_turn,False,1426118,0.0011455711156740378,1.3677404482733597e-05,0.4467320041248497,0.6550685711386286
ForecastDispersion,full,baseline_missing_only,turn,False,1426118,0.0011455711156740378,-0.0009730131456006301,-5.394727865758341,6.862748445255066e-08
ForecastDispersion,full,mar_signal_only,age,False,1426118,0.0010140711537467428,1.3387413610550282e-05,0.8801478768590318,0.3787792057391006
ForecastDispersion,full,mar_signal_only,baspread,False,1426118,0.0010140711537467428,0.024922871102102076,1.183922633998515,0.236443689570201
ForecastDispersion,full,mar_signal_only,beta,False,1426118,0.0010140711537467428,-0.0009966355486072708,-2.8011313248458936,0.005092379107325357
ForecastDispersion,full,mar_signal_only,bm,False,1426118,0.0010140711537467428,0.003228743075678826,7.540771940159581,4.6719754797545307e-14
ForecastDispersion,full,mar_signal_only,const,False,1426118,0.0010140711537467428,0.021952142379633856,8.93063865909057,4.235564211348661e-19
ForecastDispersion,full,mar_signal_only,idiovol,False,1426118,0.0010140711537467428,-0.0261848196663283,-2.855164010979521,0.004301460920439391
ForecastDispersion,full,mar_signal_only,ill,False,1426118,0.0010140711537467428,146.47668056883296,5.323360357120774,1.0186765960748303e-07
ForecastDispersion,full,mar_signal_only,maxret,False,1426118,0.0010140711537467428,-0.07202605981997812,-6.595276582602798,4.2446379654215805e-11
ForecastDispersion,full,mar_signal_only,mom1m,False,1426118,0.0010140711537467428,0.002691189564789142,1.3121371011486287,0.18947387973265373
ForecastDispersion,full,mar_signal_only,mve,False,1426118,0.0010140711537467428,-0.0009134997574525951,-6.4282538665439475,1.2907804430196876e-10
ForecastDispersion,full,mar_signal_only,retvol,False,1426118,0.0010140711537467428,0.23994845403548903,6.136224304644118,8.450581882466854e-10
ForecastDispersion,full,mar_signal_only,std_dolvol,False,1426118,0.0010140711537467428,-0.0003337537419634863,-0.46494164607544775,0.6419732457272334
ForecastDispersion,full,mar_signal_only,std_turn,False,1426118,0.0010140711537467428,1.6227109265298177e-05,0.5299374085740501,0.5961553283635627
ForecastDispersion,full,mar_signal_only,turn,False,1426118,0.0010140711537467428,-0.000955375037480744,-5.295923268386714,1.1841655843590288e-07
ForecastDispersion,full,mar_signal_only,x_mar_filled,True,1426118,0.0010140711537467428,-0.0003220888099469992,-1.6429317714816891,0.10039705058668796
ForecastDispersion,full,missing_plus_mar_signal,age,False,1426118,0.0011488021164959283,3.401365566195984e-05,2.2289029508520684,0.02582036274721746
ForecastDispersion,full,missing_plus_mar_signal,baspread,False,1426118,0.0011488021164959283,0.025592614002328984,1.2156456565130151,0.22411993389638984
ForecastDispersion,full,missing_plus_mar_signal,beta,False,1426118,0.0011488021164959283,-0.0013724522370714043,-3.8330188536020136,0.00012658024806288577
ForecastDispersion,full,missing_plus_mar_signal,bm,False,1426118,0.0011488021164959283,0.0032684885650748363,7.632209234801611,2.307644994793209e-14
ForecastDispersion,full,missing_plus_mar_signal,const,False,1426118,0.0011488021164959283,0.029036066895021126,11.554707353154756,6.988513885724969e-31
ForecastDispersion,full,missing_plus_mar_signal,idiovol,False,1426118,0.0011488021164959283,-0.01754745046246686,-1.9106252598314242,0.05605275584228007
ForecastDispersion,full,missing_plus_mar_signal,ill,False,1426118,0.0011488021164959283,147.076712703887,5.3454953254612,9.017012525485764e-08
ForecastDispersion,full,missing_plus_mar_signal,maxret,False,1426118,0.0011488021164959283,-0.0711019688574891,-6.508366831583672,7.597221470279199e-11
ForecastDispersion,full,missing_plus_mar_signal,missing_indicator,True,1426118,0.0011488021164959283,-0.005040003424131837,-13.978655311139246,2.1042629979525254e-44
ForecastDispersion,full,missing_plus_mar_signal,mom1m,False,1426118,0.0011488021164959283,0.002861343717803229,1.3952451977561366,0.16294191167209038
ForecastDispersion,full,missing_plus_mar_signal,mve,False,1426118,0.0011488021164959283,-0.0013469598635023278,-9.242112766516577,2.4167721829550452e-20
ForecastDispersion,full,missing_plus_mar_signal,retvol,False,1426118,0.0011488021164959283,0.23256346452505514,5.943690533985386,2.786754881822015e-09
ForecastDispersion,full,missing_plus_mar_signal,std_dolvol,False,1426118,0.0011488021164959283,0.00039121856773900385,0.5439658491360935,0.5864649737265943
ForecastDispersion,full,missing_plus_mar_signal,std_turn,False,1426118,0.0011488021164959283,1.4339396210862858e-05,0.468199041219228,0.6396422577575448
ForecastDispersion,full,missing_plus_mar_signal,turn,False,1426118,0.0011488021164959283,-0.0009728224971242109,-5.39374836177845,6.90028364385662e-08
ForecastDispersion,full,missing_plus_mar_signal,x_mar_filled,True,1426118,0.0011488021164959283,-0.0003564763119876783,-1.8187536328290939,0.06894902523432696
ForecastDispersion,within_signal_coverage,baseline_missing_only,age,False,1313848,0.0011553019146443022,3.238181591993676e-05,2.163180297138389,0.030527315063561003
ForecastDispersion,within_signal_coverage,baseline_missing_only,baspread,False,1313848,0.0011553019146443022,0.061486296175211674,2.606015270979052,0.009160237750202214
ForecastDispersion,within_signal_coverage,baseline_missing_only,beta,False,1313848,0.0011553019146443022,-0.0017812931886405426,-4.808848922667594,1.5180187534691526e-06
ForecastDispersion,within_signal_coverage,baseline_missing_only,bm,False,1313848,0.0011553019146443022,0.0028841880130457747,6.365620957297391,1.945012230652743e-10
ForecastDispersion,within_signal_coverage,baseline_missing_only,const,False,1313848,0.0011553019146443022,0.026435320938131196,10.109385045522504,5.019836936397246e-24
ForecastDispersion,within_signal_coverage,baseline_missing_only,idiovol,False,1313848,0.0011553019146443022,-0.013098552611573121,-1.3498471742290223,0.17706500934318814
ForecastDispersion,within_signal_coverage,baseline_missing_only,ill,False,1313848,0.0011553019146443022,147.451270486597,4.206605148498974,2.592354954269091e-05
ForecastDispersion,within_signal_coverage,baseline_missing_only,maxret,False,1313848,0.0011553019146443022,-0.07125700603749935,-6.172181051571807,6.735430673074347e-10
ForecastDispersion,within_signal_coverage,baseline_missing_only,missing_indicator,True,1313848,0.0011553019146443022,-0.0039178009979053555,-10.728385644823108,7.48930988616361e-27
ForecastDispersion,within_signal_coverage,baseline_missing_only,mom1m,False,1313848,0.0011553019146443022,0.0038847763307954765,1.8166803032609085,0.06926607940768902
ForecastDispersion,within_signal_coverage,baseline_missing_only,mve,False,1313848,0.0011553019146443022,-0.0012113737580626087,-8.077691385494749,6.600439044020967e-16
ForecastDispersion,within_signal_coverage,baseline_missing_only,retvol,False,1313848,0.0011553019146443022,0.21166152521623996,5.081943360105188,3.735928224916484e-07
ForecastDispersion,within_signal_coverage,baseline_missing_only,std_dolvol,False,1313848,0.0011553019146443022,0.0013235798199092673,1.698186048452529,0.08947265289328622
ForecastDispersion,within_signal_coverage,baseline_missing_only,std_turn,False,1313848,0.0011553019146443022,1.012538417823468e-05,0.29630595418097155,0.7669964392380411
ForecastDispersion,within_signal_coverage,baseline_missing_only,turn,False,1313848,0.0011553019146443022,-0.0010184365621921515,-5.286266924917456,1.2483769719811374e-07
ForecastDispersion,within_signal_coverage,mar_signal_only,age,False,1313848,0.0010687317917131844,1.562130495357234e-05,1.0453295410251524,0.29587068893325774
ForecastDispersion,within_signal_coverage,mar_signal_only,baspread,False,1313848,0.0010687317917131844,0.060438803950864546,2.5615555566688317,0.01042045733697558
ForecastDispersion,within_signal_coverage,mar_signal_only,beta,False,1313848,0.0010687317917131844,-0.0015278486117881146,-4.144575150353877,3.404442980044397e-05
ForecastDispersion,within_signal_coverage,mar_signal_only,bm,False,1313848,0.0010687317917131844,0.002783718593070637,6.135614968034836,8.48303903425989e-10
ForecastDispersion,within_signal_coverage,mar_signal_only,const,False,1313848,0.0010687317917131844,0.021468595775991035,8.325277962587208,8.413109117847779e-17
ForecastDispersion,within_signal_coverage,mar_signal_only,idiovol,False,1313848,0.0010687317917131844,-0.021345483688874744,-2.199046347329775,0.02787462692425221
ForecastDispersion,within_signal_coverage,mar_signal_only,ill,False,1313848,0.0010687317917131844,144.4946655237769,4.122060060847055,3.754992622216661e-05
ForecastDispersion,within_signal_coverage,mar_signal_only,maxret,False,1313848,0.0010687317917131844,-0.07205718699542683,-6.243375737513285,4.2822653685470804e-10
ForecastDispersion,within_signal_coverage,mar_signal_only,mom1m,False,1313848,0.0010687317917131844,0.0037518576187144078,1.7543453210998925,0.07937135443006753
ForecastDispersion,within_signal_coverage,mar_signal_only,mve,False,1313848,0.0010687317917131844,-0.0009030754515888719,-6.118813704635921,9.427454013166712e-10
ForecastDispersion,within_signal_coverage,mar_signal_only,retvol,False,1313848,0.0010687317917131844,0.21734701533444092,5.221746888053861,1.7724312242437826e-07
ForecastDispersion,within_signal_coverage,mar_signal_only,std_dolvol,False,1313848,0.0010687317917131844,0.0008239351271760488,1.0586830434581815,0.2897441527787611
ForecastDispersion,within_signal_coverage,mar_signal_only,std_turn,False,1313848,0.0010687317917131844,1.1982529771593007e-05,0.35061059073963646,0.7258805100759371
ForecastDispersion,within_signal_coverage,mar_signal_only,turn,False,1313848,0.0010687317917131844,-0.0010042007693513582,-5.2112258943902185,1.8759686045092117e-07
ForecastDispersion,within_signal_coverage,mar_signal_only,x_mar_filled,True,1313848,0.0010687317917131844,-0.0003111190741290308,-1.5859615488563568,0.11274803226542919
ForecastDispersion,within_signal_coverage,missing_plus_mar_signal,age,False,1313848,0.0011585640090582272,3.1398094579171656e-05,2.096549371659188,0.03603348504836663
ForecastDispersion,within_signal_coverage,missing_plus_mar_signal,baspread,False,1313848,0.0011585640090582272,0.061154182772473184,2.5915074832442913,0.009555646336438193
ForecastDispersion,within_signal_coverage,missing_plus_mar_signal,beta,False,1313848,0.0011585640090582272,-0.001794291563094936,-4.84348233637961,1.275830681322531e-06
ForecastDispersion,within_signal_coverage,missing_plus_mar_signal,bm,False,1313848,0.0011585640090582272,0.0028385374059322387,6.254258208860395,3.994097295995001e-10
ForecastDispersion,within_signal_coverage,missing_plus_mar_signal,const,False,1313848,0.0011585640090582272,0.026367557231234243,10.083024045664656,6.567318434216386e-24
ForecastDispersion,within_signal_coverage,missing_plus_mar_signal,idiovol,False,1313848,0.0011585640090582272,-0.013967454417312192,-1.4367825400145202,0.15077979304508224
ForecastDispersion,within_signal_coverage,missing_plus_mar_signal,ill,False,1313848,0.0011585640090582272,146.58757919923136,4.181747123999657,2.8927760419268117e-05
ForecastDispersion,within_signal_coverage,missing_plus_mar_signal,maxret,False,1313848,0.0011585640090582272,-0.07135069161615619,-6.180031233340337,6.408892095468106e-10
ForecastDispersion,within_signal_coverage,missing_plus_mar_signal,missing_indicator,True,1313848,0.0011585640090582272,-0.0039283072233414085,-10.762146792973306,5.1945727581370144e-27
ForecastDispersion,within_signal_coverage,missing_plus_mar_signal,mom1m,False,1313848,0.0011585640090582272,0.0038870105984078755,1.8177312346733268,0.06910522133191134
ForecastDispersion,within_signal_coverage,missing_plus_mar_signal,mve,False,1313848,0.0011585640090582272,-0.001202535262419937,-8.014363665839142,1.1070868616775429e-15
ForecastDispersion,within_signal_coverage,missing_plus_mar_signal,retvol,False,1313848,0.0011585640090582272,0.21134128275182365,5.074236542845678,3.890548482215569e-07
ForecastDispersion,within_signal_coverage,missing_plus_mar_signal,std_dolvol,False,1313848,0.0011585640090582272,0.0013355377348095764,1.7134967508174999,0.08662119060529669
ForecastDispersion,within_signal_coverage,missing_plus_mar_signal,std_turn,False,1313848,0.0011585640090582272,1.0728593341703757e-05,0.31387244966248345,0.7536179157293172
ForecastDispersion,within_signal_coverage,missing_plus_mar_signal,turn,False,1313848,0.0011585640090582272,-0.0010184823901462068,-5.286513121671561,1.2466987743517217e-07
ForecastDispersion,within_signal_coverage,missing_plus_mar_signal,x_mar_filled,True,1313848,0.0011585640090582272,-0.00033585503132941083,-1.7125423368119481,0.08679676946542225
ForecastDispersion,outside_signal_coverage,mar_signal_only,age,False,112270,0.003567925593896626,0.00010279871778991908,1.167172010658706,0.24314091168373952
ForecastDispersion,outside_signal_coverage,mar_signal_only,baspread,False,112270,0.003567925593896626,-0.15132621941273977,-3.233089354570467,0.001224592530280847
ForecastDispersion,outside_signal_coverage,mar_signal_only,beta,False,112270,0.003567925593896626,-0.0013134347827223436,-0.8572242484976292,0.3913209637974858
ForecastDispersion,outside_signal_coverage,mar_signal_only,bm,False,112270,0.003567925593896626,5.810836011054931e-05,0.033484359622934244,0.9732883380513819
ForecastDispersion,outside_signal_coverage,mar_signal_only,const,False,112270,0.003567925593896626,0.08873274169289015,7.391472901740108,1.452111606712681e-13
ForecastDispersion,outside_signal_coverage,mar_signal_only,idiovol,False,112270,0.003567925593896626,-0.15955666621860087,-3.997830005980018,6.392583285456805e-05
ForecastDispersion,outside_signal_coverage,mar_signal_only,ill,False,112270,0.003567925593896626,103.10409196942321,2.1198953562423535,0.03401487111394975
ForecastDispersion,outside_signal_coverage,mar_signal_only,maxret,False,112270,0.003567925593896626,-0.05135504356486724,-1.501525009844921,0.13321982294916265
ForecastDispersion,outside_signal_coverage,mar_signal_only,mom1m,False,112270,0.003567925593896626,-0.005142249060849353,-0.7310705779483795,0.46473604444130334
ForecastDispersion,outside_signal_coverage,mar_signal_only,mve,False,112270,0.003567925593896626,-0.007208331222082641,-7.304938736787879,2.7739310086837295e-13
ForecastDispersion,outside_signal_coverage,mar_signal_only,retvol,False,112270,0.003567925593896626,0.1281894001125418,1.0237030803275784,0.3059755400216021
ForecastDispersion,outside_signal_coverage,mar_signal_only,std_dolvol,False,112270,0.003567925593896626,0.0007672345865336284,0.3769884818009168,0.7061821646945747
ForecastDispersion,outside_signal_coverage,mar_signal_only,std_turn,False,112270,0.003567925593896626,9.477992782630233e-05,1.4936380235096853,0.13527025549870395
ForecastDispersion,outside_signal_coverage,mar_signal_only,turn,False,112270,0.003567925593896626,-0.0007474169876177711,-1.4385914220949785,0.15026631813713925
ForecastDispersion,outside_signal_coverage,mar_signal_only,x_mar_filled,True,112270,0.003567925593896626,-0.03157450942741778,-3.9795436378567577,6.904768560402385e-05
FEPS,full,baseline_missing_only,age,False,1440099,0.0011975439426437084,6.116326015627075e-05,4.002871225685356,6.257836745501849e-05
FEPS,full,baseline_missing_only,baspread,False,1440099,0.0011975439426437084,0.07323631634454625,3.50067124355724,0.00046408796801851606
FEPS,full,baseline_missing_only,beta,False,1440099,0.0011975439426437084,-0.0015720615450909034,-4.388815814299117,1.1396953987804896e-05
FEPS,full,baseline_missing_only,bm,False,1440099,0.0011975439426437084,0.0037653265540497855,8.829257820464976,1.0537257707783851e-18
FEPS,full,baseline_missing_only,const,False,1440099,0.0011975439426437084,0.024416019469146115,9.890163296085039,4.592781203927175e-23
FEPS,full,baseline_missing_only,idiovol,False,1440099,0.0011975439426437084,-0.03845157244721684,-4.195033444843572,2.728313276566522e-05
FEPS,full,baseline_missing_only,ill,False,1440099,0.0011975439426437084,153.70044215018817,6.216602848306042,5.080334390178292e-10
FEPS,full,baseline_missing_only,maxret,False,1440099,0.0011975439426437084,-0.07447207844500503,-6.836787027642131,8.098900243286489e-12
FEPS,full,baseline_missing_only,missing_indicator,True,1440099,0.0011975439426437084,-0.001335906257362071,-2.598614407222822,0.009360084846476479
FEPS,full,baseline_missing_only,mom1m,False,1440099,0.0011975439426437084,0.0013376252523380858,0.6539295683121995,0.5131571831399462
FEPS,full,baseline_missing_only,mve,False,1440099,0.0011975439426437084,-0.001115717615810906,-7.759530641158132,8.524426944984165e-15
FEPS,full,baseline_missing_only,retvol,False,1440099,0.0011975439426437084,0.23701758342256615,6.078461301616884,1.2134125742295696e-09
FEPS,full,baseline_missing_only,std_dolvol,False,1440099,0.0011975439426437084,-0.0022648825108435595,-3.1547491487483987,0.0016063615623562117
FEPS,full,baseline_missing_only,std_turn,False,1440099,0.0011975439426437084,1.4323172744532329e-05,0.4681405805632899,0.6396840608843731
FEPS,full,baseline_missing_only,turn,False,1440099,0.0011975439426437084,-0.0009282862123838113,-5.159196682385372,2.4801166549697155e-07
FEPS,full,mar_signal_only,age,False,1440099,0.0011913234094022007,5.546691546678021e-05,3.638412964459672,0.00027432330305294747
FEPS,full,mar_signal_only,baspread,False,1440099,0.0011913234094022007,0.07326064733464069,3.501661295717916,0.0004623670048554425
FEPS,full,mar_signal_only,beta,False,1440099,0.0011913234094022007,-0.00146377966048717,-4.1218231441855675,3.758857329807339e-05
FEPS,full,mar_signal_only,bm,False,1440099,0.0011913234094022007,0.0037590125768624948,8.815036370222659,1.1964621467510256e-18
FEPS,full,mar_signal_only,const,False,1440099,0.0011913234094022007,0.02337860681078132,9.530871267606308,1.559686650018539e-21
FEPS,full,mar_signal_only,idiovol,False,1440099,0.0011913234094022007,-0.04086869308561894,-4.463897765021302,8.04819772162465e-06
FEPS,full,mar_signal_only,ill,False,1440099,0.0011913234094022007,152.28976655326312,6.164288491683393,7.080076107479596e-10
FEPS,full,mar_signal_only,maxret,False,1440099,0.0011913234094022007,-0.07450645470389902,-6.8402615505995685,7.904872190913986e-12
FEPS,full,mar_signal_only,mom1m,False,1440099,0.0011913234094022007,0.001289899150252002,0.6304435824169518,0.5284044039159902
FEPS,full,mar_signal_only,mve,False,1440099,0.0011913234094022007,-0.0010360253137114842,-7.291037280850612,3.075776332883771e-13
FEPS,full,mar_signal_only,retvol,False,1440099,0.0011913234094022007,0.23741878485681936,6.089249400519616,1.1344128214581506e-09
FEPS,full,mar_signal_only,std_dolvol,False,1440099,0.0011913234094022007,-0.002506302587745382,-3.526646108647239,0.0004208588823731493
FEPS,full,mar_signal_only,std_turn,False,1440099,0.0011913234094022007,1.5197260307335434e-05,0.49728376856514045,0.6189889562549962
FEPS,full,mar_signal_only,turn,False,1440099,0.0011913234094022007,-0.0009231270126905302,-5.129551431039719,2.904334153650954e-07
FEPS,full,mar_signal_only,x_mar_filled,True,1440099,0.0011913234094022007,2.2593271378150352e-07,0.6492407397377775,0.5161827827622958
FEPS,full,missing_plus_mar_signal,age,False,1440099,0.0011975724329233994,6.110199019799772e-05,3.998392112175397,6.377423839971569e-05
FEPS,full,missing_plus_mar_signal,baspread,False,1440099,0.0011975724329233994,0.07322163180381638,3.499936321717756,0.0004653693123271396
FEPS,full,missing_plus_mar_signal,beta,False,1440099,0.0011975724329233994,-0.0015716952785264386,-4.387780691987985,1.1451315632034743e-05
FEPS,full,missing_plus_mar_signal,bm,False,1440099,0.0011975724329233994,0.0037646352595271768,8.826707848084126,1.0780191349030434e-18
FEPS,full,missing_plus_mar_signal,const,False,1440099,0.0011975724329233994,0.024432157858186823,9.887884840729734,4.6985003431767285e-23
FEPS,full,missing_plus_mar_signal,idiovol,False,1440099,0.0011975724329233994,-0.03846073459190781,-4.195892742303976,2.7179885752706785e-05
FEPS,full,missing_plus_mar_signal,ill,False,1440099,0.0011975724329233994,153.70080994687873,6.216617342940467,5.079865336329307e-10
FEPS,full,missing_plus_mar_signal,maxret,False,1440099,0.0011975724329233994,-0.07447388194160103,-6.836946626991837,8.089886349544452e-12
FEPS,full,missing_plus_mar_signal,missing_indicator,True,1440099,0.0011975724329233994,-0.0013362808925225706,-2.599269275428544,0.009342245733486281
FEPS,full,missing_plus_mar_signal,mom1m,False,1440099,0.0011975724329233994,0.001338973440800971,0.6545814854344785,0.5127372477227881
FEPS,full,missing_plus_mar_signal,mve,False,1440099,0.0011975724329233994,-0.0011167701806717597,-7.758381229009635,8.602024842763319e-15
FEPS,full,missing_plus_mar_signal,retvol,False,1440099,0.0011975724329233994,0.23702749868951656,6.078695053052334,1.2116453302360446e-09
FEPS,full,missing_plus_mar_signal,std_dolvol,False,1440099,0.0011975724329233994,-0.0022670685700617527,-3.1572938672755697,0.0015924077813693905
FEPS,full,missing_plus_mar_signal,std_turn,False,1440099,0.0011975724329233994,1.43226262517267e-05,0.4681226067907903,0.6396969135170099
FEPS,full,missing_plus_mar_signal,turn,False,1440099,0.0011975724329233994,-0.0009281053674039873,-5.157819878611308,2.498417865158427e-07
FEPS,full,missing_plus_mar_signal,x_mar_filled,True,1440099,0.0011975724329233994,2.407363312464863e-07,0.6916113684607368,0.4891814204005135
FEPS,within_signal_coverage,baseline_missing_only,age,False,1437197,0.0011942747643837182,6.141169022924871e-05,4.0188722516849715,5.847736411143565e-05
FEPS,within_signal_coverage,baseline_missing_only,baspread,False,1437197,0.0011942747643837182,0.07701395680415374,3.678658479589425,0.00023446398127554096
FEPS,within_signal_coverage,baseline_missing_only,beta,False,1437197,0.0011942747643837182,-0.0015943582660216838,-4.45204322785574,8.505703684502807e-06
FEPS,within_signal_coverage,baseline_missing_only,bm,False,1437197,0.0011942747643837182,0.0037635879037019437,8.823247766268317,1.1118696514217393e-18
FEPS,within_signal_coverage,baseline_missing_only,const,False,1437197,0.0011942747643837182,0.024538633655131006,9.949565459404234,2.5328675801484686e-23
FEPS,within_signal_coverage,baseline_missing_only,idiovol,False,1437197,0.0011942747643837182,-0.03880338850180514,-4.236165339941808,2.2736938123294058e-05
FEPS,within_signal_coverage,baseline_missing_only,ill,False,1437197,0.0011942747643837182,151.27880197143514,6.085008150723734,1.1648538441604758e-09
FEPS,within_signal_coverage,baseline_missing_only,maxret,False,1437197,0.0011942747643837182,-0.07240194875463223,-6.657709026476607,2.781286995591471e-11
FEPS,within_signal_coverage,baseline_missing_only,missing_indicator,True,1437197,0.0011942747643837182,-0.0012646466655062908,-2.4584327058388364,0.013954492627358912
FEPS,within_signal_coverage,baseline_missing_only,mom1m,False,1437197,0.0011942747643837182,0.001307746125127427,0.6393871850368082,0.5225710835375321
FEPS,within_signal_coverage,baseline_missing_only,mve,False,1437197,0.0011942747643837182,-0.001122188513351437,-7.8119923720205495,5.6290968427918975e-15
FEPS,within_signal_coverage,baseline_missing_only,retvol,False,1437197,0.0011942747643837182,0.22925336127293133,5.907066434125109,3.4825334026339017e-09
FEPS,within_signal_coverage,baseline_missing_only,std_dolvol,False,1437197,0.0011942747643837182,-0.002344846620860909,-3.2641171852340207,0.0010980573895185896
FEPS,within_signal_coverage,baseline_missing_only,std_turn,False,1437197,0.0011942747643837182,1.4454537772526415e-05,0.4718174989928471,0.6370570593949993
FEPS,within_signal_coverage,baseline_missing_only,turn,False,1437197,0.0011942747643837182,-0.0009295622495442888,-5.158846573705069,2.484758169369597e-07
FEPS,within_signal_coverage,mar_signal_only,age,False,1437197,0.001188704531184026,5.596351076588714e-05,3.6706531403078175,0.00024193146715801797
FEPS,within_signal_coverage,mar_signal_only,baspread,False,1437197,0.001188704531184026,0.07703376950306526,3.679429095976233,0.00023375666823760425
FEPS,within_signal_coverage,mar_signal_only,beta,False,1437197,0.001188704531184026,-0.0014921358185206262,-4.202051580881239,2.6450684252074915e-05
FEPS,within_signal_coverage,mar_signal_only,bm,False,1437197,0.001188704531184026,0.003756597741625685,8.807734523657777,1.2770043328402905e-18
FEPS,within_signal_coverage,mar_signal_only,const,False,1437197,0.001188704531184026,0.02356309728895161,9.611266130855359,7.166228901422755e-22
FEPS,within_signal_coverage,mar_signal_only,idiovol,False,1437197,0.001188704531184026,-0.04108974546912539,-4.4906011995518655,7.102242035394764e-06
FEPS,within_signal_coverage,mar_signal_only,ill,False,1437197,0.001188704531184026,149.9234979774029,6.035057283557988,1.5890630738518975e-09
FEPS,within_signal_coverage,mar_signal_only,maxret,False,1437197,0.001188704531184026,-0.07243333282374313,-6.6608781399561465,2.721962684791703e-11
FEPS,within_signal_coverage,mar_signal_only,mom1m,False,1437197,0.001188704531184026,0.0012622259546031175,0.6169700458837236,0.5372544833594949
FEPS,within_signal_coverage,mar_signal_only,mve,False,1437197,0.001188704531184026,-0.001047134203489931,-7.372653667668802,1.6726461623188218e-13
FEPS,within_signal_coverage,mar_signal_only,retvol,False,1437197,0.001188704531184026,0.22965317029634907,5.91781526740349,3.2624609640732603e-09
FEPS,within_signal_coverage,mar_signal_only,std_dolvol,False,1437197,0.001188704531184026,-0.002572218266393692,-3.6172208009658178,0.00029778326633129364
FEPS,within_signal_coverage,mar_signal_only,std_turn,False,1437197,0.001188704531184026,1.5274259159076265e-05,0.4991461035112294,0.6176764604421541
FEPS,within_signal_coverage,mar_signal_only,turn,False,1437197,0.001188704531184026,-0.0009246738583550195,-5.130799348024895,2.885143335814798e-07
FEPS,within_signal_coverage,mar_signal_only,x_mar_filled,True,1437197,0.001188704531184026,2.286592860454144e-07,0.6570581001466691,0.511143558979408
FEPS,within_signal_coverage,missing_plus_mar_signal,age,False,1437197,0.0011943038048957133,6.134989979872431e-05,4.014355616387637,5.9608418579681796e-05
FEPS,within_signal_coverage,missing_plus_mar_signal,baspread,False,1437197,0.0011943038048957133,0.07699909429998586,3.6779139019525444,0.00023514930183061796
FEPS,within_signal_coverage,missing_plus_mar_signal,beta,False,1437197,0.0011943038048957133,-0.0015939890709682609,-4.451000458162167,8.547115947247307e-06
FEPS,within_signal_coverage,missing_plus_mar_signal,bm,False,1437197,0.0011943038048957133,0.0037628906458060675,8.820683704399672,1.1376294303054732e-18
FEPS,within_signal_coverage,missing_plus_mar_signal,const,False,1437197,0.0011943038048957133,0.024554913242205646,9.947272899474452,2.5918850926928691e-23
FEPS,within_signal_coverage,missing_plus_mar_signal,idiovol,False,1437197,0.0011943038048957133,-0.03881264424897934,-4.237033662996482,2.2649218939476703e-05
FEPS,within_signal_coverage,missing_plus_mar_signal,ill,False,1437197,0.0011943038048957133,151.2791924374766,6.085023407000639,1.1647429299538932e-09
FEPS,within_signal_coverage,missing_plus_mar_signal,maxret,False,1437197,0.0011943038048957133,-0.07240378516391811,-6.657872047959667,2.778204671120877e-11
FEPS,within_signal_coverage,missing_plus_mar_signal,missing_indicator,True,1437197,0.0011943038048957133,-0.001265019485369284,-2.459088991119548,0.013929008600544955
FEPS,within_signal_coverage,missing_plus_mar_signal,mom1m,False,1437197,0.0011943038048957133,0.0013091071819757894,0.6400456458647584,0.5221429243229008
FEPS,within_signal_coverage,missing_plus_mar_signal,mve,False,1437197,0.0011943038048957133,-0.001123249982628981,-7.810833933011487,5.681082824287579e-15
FEPS,within_signal_coverage,missing_plus_mar_signal,retvol,False,1437197,0.0011943038048957133,0.22926347818989612,5.907306699497945,3.477459873018855e-09
FEPS,within_signal_coverage,missing_plus_mar_signal,std_dolvol,False,1437197,0.0011943038048957133,-0.0023470542837590183,-3.266672180524563,0.0010881961120833277
FEPS,within_signal_coverage,missing_plus_mar_signal,std_turn,False,1437197,0.0011943038048957133,1.4453986025313326e-05,0.4717993759591972,0.6370699963863333
FEPS,within_signal_coverage,missing_plus_mar_signal,turn,False,1437197,0.0011943038048957133,-0.0009293800887590863,-5.157464516920043,2.5031626626524396e-07
FEPS,within_signal_coverage,missing_plus_mar_signal,x_mar_filled,True,1437197,0.0011943038048957133,2.424353511952513e-07,0.6964752490603807,0.48613125238600596
FEPS,outside_signal_coverage,mar_signal_only,age,False,2902,0.012150493159880149,-0.0014886502205767385,-1.617258150729055,0.10582256871452818
FEPS,outside_signal_coverage,mar_signal_only,baspread,False,2902,0.012150493159880149,-0.6130227837543103,-1.6139162869859283,0.10654558540216957
FEPS,outside_signal_coverage,mar_signal_only,beta,False,2902,0.012150493159880149,0.0005562539847782657,0.0541982608006308,0.9567772063298216
FEPS,outside_signal_coverage,mar_signal_only,bm,False,2902,0.012150493159880149,-0.0037566976734685655,-0.213872776262174,0.8306462704236821
FEPS,outside_signal_coverage,mar_signal_only,const,False,2902,0.012150493159880149,-0.06726444291567772,-0.586511648606372,0.5575317359251826
FEPS,outside_signal_coverage,mar_signal_only,idiovol,False,2902,0.012150493159880149,0.10146130074560031,0.41098106451377364,0.6810864194333573
FEPS,outside_signal_coverage,mar_signal_only,ill,False,2902,0.012150493159880149,389.15009412615,1.285261896183877,0.19870078063727747
FEPS,outside_signal_coverage,mar_signal_only,maxret,False,2902,0.012150493159880149,-0.5054168424376639,-1.8514957787383288,0.06409826146695921
FEPS,outside_signal_coverage,mar_signal_only,mom1m,False,2902,0.012150493159880149,-0.017090088051149355,-0.3584700839814656,0.719991551893532
FEPS,outside_signal_coverage,mar_signal_only,mve,False,2902,0.012150493159880149,0.0037311417698635014,0.441619013378259,0.6587649229562929
FEPS,outside_signal_coverage,mar_signal_only,retvol,False,2902,0.012150493159880149,1.9227723657115297,1.6668150856077386,0.09555117961440321
FEPS,outside_signal_coverage,mar_signal_only,std_dolvol,False,2902,0.012150493159880149,0.034750840844548894,1.7417877519553608,0.08154559067093409
FEPS,outside_signal_coverage,mar_signal_only,std_turn,False,2902,0.012150493159880149,-0.00018094932770047818,-0.32163787675379174,0.7477270458527258
FEPS,outside_signal_coverage,mar_signal_only,turn,False,2902,0.012150493159880149,-0.0005026766421520957,-0.10845802158938365,0.9136323779465851
FEPS,outside_signal_coverage,mar_signal_only,x_mar_filled,True,2902,0.012150493159880149,4.101629843195238e-05,0.0076182447788473995,0.9939215789068138
